-- --------------------------------------------------------
-- Host:                         localhost
-- Server version:               8.0.33 - MySQL Community Server - GPL
-- Server OS:                    Win64
-- HeidiSQL Version:             12.5.0.6677
-- --------------------------------------------------------

/*!40101 SET @OLD_CHARACTER_SET_CLIENT=@@CHARACTER_SET_CLIENT */;
/*!40101 SET NAMES utf8 */;
/*!50503 SET NAMES utf8mb4 */;
/*!40103 SET @OLD_TIME_ZONE=@@TIME_ZONE */;
/*!40103 SET TIME_ZONE='+00:00' */;
/*!40014 SET @OLD_FOREIGN_KEY_CHECKS=@@FOREIGN_KEY_CHECKS, FOREIGN_KEY_CHECKS=0 */;
/*!40101 SET @OLD_SQL_MODE=@@SQL_MODE, SQL_MODE='NO_AUTO_VALUE_ON_ZERO' */;
/*!40111 SET @OLD_SQL_NOTES=@@SQL_NOTES, SQL_NOTES=0 */;


-- Dumping database structure for employee_db
DROP DATABASE IF EXISTS `employee_db`;
CREATE DATABASE IF NOT EXISTS `employee_db` /*!40100 DEFAULT CHARACTER SET utf8mb4 COLLATE utf8mb4_0900_ai_ci */ /*!80016 DEFAULT ENCRYPTION='N' */;
USE `employee_db`;

-- Dumping structure for table employee_db.admin_logs
DROP TABLE IF EXISTS `admin_logs`;
CREATE TABLE IF NOT EXISTS `admin_logs` (
  `id` int NOT NULL AUTO_INCREMENT,
  `action_type` varchar(50) DEFAULT NULL,
  `message` text,
  `actor` varchar(50) DEFAULT NULL,
  `created_at` datetime DEFAULT CURRENT_TIMESTAMP,
  PRIMARY KEY (`id`)
) ENGINE=InnoDB AUTO_INCREMENT=5 DEFAULT CHARSET=utf8mb4 COLLATE=utf8mb4_0900_ai_ci;

-- Dumping data for table employee_db.admin_logs: ~4 rows (approximately)
INSERT INTO `admin_logs` (`id`, `action_type`, `message`, `actor`, `created_at`) VALUES
	(1, 'ADD_EMPLOYEE', 'Added employee Harshja vardhan', 'Admin', '2025-04-16 08:57:01'),
	(2, 'ADD_EMPLOYEE', 'Added employee harsha vardhan', 'Admin', '2025-04-16 08:58:15'),
	(3, 'ADD_EMPLOYEE', 'Added employee harsha vardhan', 'Admin', '2025-04-16 08:59:52'),
	(4, 'ADD_EMPLOYEE', 'Added employee harsha vardhan', 'Admin', '2025-04-16 09:04:43');

-- Dumping structure for table employee_db.attendance
DROP TABLE IF EXISTS `attendance`;
CREATE TABLE IF NOT EXISTS `attendance` (
  `id` int NOT NULL AUTO_INCREMENT,
  `employeeId` int NOT NULL,
  `date` date NOT NULL,
  `status` varchar(20) DEFAULT NULL,
  PRIMARY KEY (`id`),
  UNIQUE KEY `unique_attendance` (`employeeId`,`date`),
  UNIQUE KEY `attendance` (`employeeId`,`date`),
  CONSTRAINT `attendance_ibfk_1` FOREIGN KEY (`employeeId`) REFERENCES `employees` (`id`)
) ENGINE=InnoDB AUTO_INCREMENT=30 DEFAULT CHARSET=utf8mb4 COLLATE=utf8mb4_0900_ai_ci;

-- Dumping data for table employee_db.attendance: ~18 rows (approximately)
INSERT INTO `attendance` (`id`, `employeeId`, `date`, `status`) VALUES
	(1, 1, '2025-04-09', 'Leave'),
	(4, 2, '2025-04-09', 'Absent'),
	(5, 2, '2025-04-10', 'Absent'),
	(7, 2, '2025-04-11', 'Present'),
	(9, 2, '2025-04-23', 'Leave'),
	(11, 2, '2025-04-12', 'Present'),
	(12, 1, '2025-04-26', 'Present'),
	(13, 1, '2025-04-01', 'Absent'),
	(14, 1, '2025-05-01', 'Present'),
	(16, 1, '2025-04-10', 'Present'),
	(19, 2, '2025-04-30', 'Leave'),
	(20, 1, '2025-04-13', 'Present'),
	(21, 1, '2025-04-14', 'Absent'),
	(22, 23, '2025-04-17', 'Present'),
	(23, 23, '2025-04-16', 'Absent'),
	(24, 1, '2025-04-16', 'Present'),
	(25, 1, '2025-04-30', 'Absent'),
	(26, 18, '2025-05-01', 'Leave'),
	(27, 17, '2025-04-18', 'Present'),
	(28, 17, '2025-04-20', 'Present'),
	(29, 1, '2025-04-24', 'Present');

-- Dumping structure for table employee_db.employees
DROP TABLE IF EXISTS `employees`;
CREATE TABLE IF NOT EXISTS `employees` (
  `id` int NOT NULL AUTO_INCREMENT,
  `name` varchar(50) DEFAULT NULL,
  `email` varchar(50) DEFAULT NULL,
  `phone` varchar(50) DEFAULT NULL,
  `department` varchar(50) DEFAULT NULL,
  `salary` int DEFAULT NULL,
  `status` varchar(20) DEFAULT NULL,
  `dob` date DEFAULT NULL,
  `gender` varchar(10) DEFAULT NULL,
  `address` varchar(255) DEFAULT NULL,
  `profilePic` longtext,
  `role` varchar(20) NOT NULL DEFAULT 'employee',
  PRIMARY KEY (`id`),
  UNIQUE KEY `id` (`id`)
) ENGINE=InnoDB AUTO_INCREMENT=24 DEFAULT CHARSET=utf8mb4 COLLATE=utf8mb4_0900_ai_ci;

-- Dumping data for table employee_db.employees: ~5 rows (approximately)
INSERT INTO `employees` (`id`, `name`, `email`, `phone`, `department`, `salary`, `status`, `dob`, `gender`, `address`, `profilePic`, `role`) VALUES
	(1, 'kiran kumar', 'kiran@gmail.com', '787878787', 'HR', 25000, 'Present', '2025-04-11', 'Male', 'nzb', 'data:image/jpeg;base64,/9j/4AAQSkZJRgABAQAAAQABAAD/2wCEAAYGBgYHBgcICAcKCwoLCg8ODAwODxYQERAREBYiFRkVFRkVIh4kHhweJB42KiYmKjY+NDI0PkxERExfWl98fKcBBgYGBgcGBwgIBwoLCgsKDw4MDA4PFhAREBEQFiIVGRUVGRUiHiQeHB4kHjYqJiYqNj40MjQ+TERETF9aX3x8p//CABEIBQADvwMBIgACEQEDEQH/xAAxAAEBAQEBAQEAAAAAAAAAAAAAAQIDBAUGAQEBAQEBAQAAAAAAAAAAAAAAAQIDBAX/2gAMAwEAAhADEAAAAu3539D+f9Pk7tvRww2MToOTqXi7I4zuXzvQjzvQl897ji7Jed0JqI2xF7a8yX168Uj6Gvmw+rr46X7WvhD9BfzqX9JfzQ/T38wj9Rfy9X9Rfy9j9PfzFP01/M6P0r83Zf0d/O0/Q38/T774Wj7b41Psvj6PrPl2PpvnU+g8FPc8Y9rx09V8o9TzD0vOO94Du4js406uQ6uY2wNsU0xTTI0yNM0qQ0zSs0qCoLAsCyCoX5fwfvfC7cvSX0cAoAAEAAAAAWUiiUEoiiUIoiiKMqI0Mqly0MtDDY5uhebojk6ji7F4uw4T0I4O44O6Xg7w4zul4uw5Oo53aXFoliNXBejmOt4I9F8w9N8hfY8cPffno+i+cPpX5kPqX5RfrPko+u+RD7N+KPtPiw+5fhD70+El+8+APvvgD774Ej7vw/tfG3n0K9PAEAAAVABYKgFAAAAAAAAAAAAAAIolABLAUAAAASiKIUiiKIAAUgAEoilAiiKIoiiKIAqIsEoiiKWKJKPo/H+v8nz9vQr0+cQqUgCgBLAoSwWUBAAAAAUAAAEBQAAAAAAAAAAAACCpQACFIoSiAAAAAAAAAAAABYsAAAIJff8AK+p8vh29A9HnKAAAAAAEsFlAQAUiwAqUiwAAAFIFAAAAAAAIKyXSVABgrGmtWGaAAAAACAAAAAAAAAAAAAASlgEsj3fM+j87h37j0ecoAAAAAASgCxUlABKIoAASwAsABYKgAJldOWM77zzYzv1vFM33vDqvZnyj0ThpevTy6s9bhdc9ydKUuVhKgoAAAAEoSiKIAoiiUEsAAAAAAAEpYI9Xz/f4eHbsX0cAAAAAAJQCAqhAAACwAAAAAgCRdMYl6448cdfRy4zj21M3l0iyWKFlLBLZaWLNXCz178e+/D1PM3n0Tzl9DzJfTrybs9V4ddc9JbkAAAACKAAAAICwAAAAAAWCPR4/X5OPbrTvwAAABAAUIAFsAAAAAAAEKgTPHO+2PLz59vVjzuXTrnMxuxc6iwWDQMqiWUsoWrIuSyRdISsq1cTU6ZyNa56PR6PL6fT5ujN6crYSpQAAAABKJQSwAAAAAAABYI7eX0+fj16jvxAAABAAUIAUsAAAAAAARhbxx5+PffI8/ogzotiUpZoytMtUyuYqUihZTRbM53Dm1FiyApNSIQtza114TefT18V3j6GvD17cfW5denKhAAAAAAEsAAAAAAAAWCOnHry49eg78QBUgLLCwAUAWRYqxSAAAAAScpq+acuHpSPP2LVLAClJQJDTKNZACgFq6ySxCxFRIEKCTWRYLLAC6zdz0erxev1eXoXpxAAAAAAAiwAWCywAAABYI1z6Y49djvxWVEsKBKEoiwAUgKFJRCFWUhC4efO75rjzeqTTl1zSLcgCkq3I1ILZok3IyolaJapdVOTUMtRczUMzeYgFlEsEsUAVCK36fHvrz+hvy+j0+XaXWAAAAAAAIoiiUIAAARbCLmzl12O3GhEoAAsBLACgKJRAIFAZvCazxry+vnNTn0ioy1FgiW0y1Kk1mBC7xssCSwazDaWumsaS8+mCGjDWVySEAAgSxQAAFhOnp8fX0cvfrh29HlouQAQFAAAAAASiAAAgliXl16DtwAAFIoiwSiUAKlQAACLFx5e3l4+iZk83p0ljVzSxTFtIUkomdxcTUhrI1IALrPQl2rK4LJDpcaS51DnOmVwshAABYogAARZa7+rwez1eb0Je3nBAAUAAAAAAQFIACCXOsb5dNjtxFJQBEsUAAAChIFpUgGL58758WfJ7YTG6lKC6502yNXGk0zomesOM65lxbACLB05bO1xqyc981hIusq6759kxntzOUsXIiggEsIVYpEolK16/H7PRw9Fl9HlFSAAABQAAAAAEogIslx05deXTQ7cVlBURCoVYKCAFCUBFgA5+L0+Ph6pk83plgsoliKAC756rWsVO1yJjcXlN5iWUAiw1042t87CCFDW+erOzFMZ3DDRcNQysEqIoiygBC+vyenry9ll9fjsEAAABQAAAAAAIBLJefbz+jnu068gQQqUSlgBSAAUQABjXmm+fC58ftisbW0zNZKUs0Oc1Ii0gpYOmuQ6SaOTeYWUiwFMzcrM1BrKNXNrd57StQSjGd4WASiALCASh249N49++XX2eIW5lKiwACAtCAAAAAIBLF4+jzenlu2OvKhLAFICUAAAAAAMeLt4+HqF83olkXczDUlLcjeUFiLrOqt1TlOvMkovTno3jY4rmLlFqDWsbSqrE1DNQ1rNTrOQ3MF1mIsBYqxSEAFlGs3Wfd24d/b4qi4ooCFIAFCAAAAAEsEsXh6fP6OW6XryWEssFgoAEsABSLCyiY1wm/Px1PF7orNzNZVWjKiKJZYlDW+fSt0ScumTnNZlqQ1cDUgSlAbxpOibrnnrzJmglIBN5iANWsUJUKlJUAFiz2+jw+z2eTZd8YKWUQAAAgFAAAAAgjh6PL68dFXpxAFMqCUAAWAABLDPk9Hj59+cTx+vVzSSxVgqDUsIIpRu6s1eeTWJFuUgQWFtlCkzNDNpbvmTrlKkuYAAtzRO1rl0xUxLFAhYgqywA17fD6/Rw9SX0eVSwCLAUiwACUKACAEsAPN7PL6uew6crYAFlIsABCoKAVJLF5+L3ePl6OE08nqixUUlCAqULYW6qXMTWEWCIsU1Tm0jNqlUVozNjnOoxaJnpkxNDLUK1tNbxqufLtxMgiiUAIsAL6PP368/ZrOvX4qLAAAEsAAAAlAASwA5enh356Q6c1UixAUQssAKoESwEpceT2eTn388s8nrRqMbZW5oiwWaN657LBJNRcy6lw69Jrz9PR0zfJv3+o+VPr+c+Zz+htfmdfq9o+Rr7A+M+wPkX6xfkz68PjZ+xlPkPrSvk5+tk+X09ubPPj18Ty8/Ti54Tpi5zSkogAAHbl06Y92+fT2eELAAAAICwAAgFAAgOHr8vp56qXpzAsEAsoSwSllAEAssMeb0eTn6OdZ8nr3mZiyVcrAQtgqQ3rlY63Homsejr6cb83T0amuPbp0TV5YsZ6eo8/fto53dMTpDm6QxOg5uheU7E4uw8ufVg8WPZhfJz9uDwcvocLPn+f3+PWOTU1mSiKTKlSwdOfTePb15dfb4guQAAAIAogCwCUACLDj6vL6sUXfOLCyiWDVzpMyliiBQQCpTHk9nnx28+dTx+zGd4lSxU0IUiwSoV2XX0ef0OfSdN6l5OvIYnSXn6OnaydFuYsBCoUAABZRLCZ1Dnnpk5565Xlw9fI+d4vqeHWPJjtjeObUSTUqLCSwduXq68/RuX1eMLAAAAAAAEsAlAAgOXo8/oxbZd87LCLAoWVIomps5zeFtlIBNZHn9HOb8Vs8fu5Z6YxqTeFaCTQysBqNe3zevPT2+vxd8a9M4Q6c9dox6Lum5qxYssSAUAlgAKWUQJLCZ1FysM46Zjy+P6Hks+dw9fk6c8ySzUhLEqA17vL7fT5tU7ecKAAAAAAASwCAUCA5ejh6MWjfO3OkZ1koJQpoxbBEAWlSTWVSw8/l9Xk83tZ1vj14TpiXoQZ3kwtld8+7O+fX09Mb8+vTuXj36dDPRqxRLVsLBLAFAAAAqUCyTUXMqMzWVmdZjn5vVxPn+H63g3nwTWNYosEJZ01n0+nn19viDWAAAAAAAAEsAAlAgM9+PfMlNYlaLjryQVbNZSLFqxKlMKVbkQVNDh4voeXl6OdzfL6pz7YVGYkdjjvp2zvt7c+nn0zq2XW87S7xLOrnbOl5WuuuFOznpNMlqJalBCoLJDbBOk551Os4ZO7y4X2Z8lj0vL0l3z1ma5+X18z4vm+n8/pyxY1kCd+Pp68/VvOvX4gsAAAAAAAASwACUBAduPfMzpu459uNN87UZ0Jbs5KCypZqMot1EIsW2VM8u+Jrw8PRw8nu1eVx0hYzvOl9H0OHv49t7WWWcjvfHx1n2cPFjU+lflk+o+VhPtX41X7nT4PQ+1r42pfsX5fSX6V8XaX0TgO08/OvRz8vI9uPm8Ln6/D5mLPo48Cz2Y81PR08ul9Hbxpfq9PlenOvbM9JfN8v7XhufkN46cwsvs8vt9Pn607+UKKIAAAAAABLCwAlAgL6ExlNdNY461gz15Uus1NMi5uiYsXW8w52VbKoCazpEo8nk+l5ePr8d1PN6rm5h35e7O/Z6+ffl1jUOPi9nOvJv1dLnxT6KvmPpxPm8vp8j5ePocV8j0jhfRDn1mpfV6fN6ZRo5+f1+Y443mzy8vVLPJfTTj6Onol4dPV0Txvfa8Gfo5Pm4+pzl4ejPSXPl9nnPicfX5evKGtY7evj39vio3zUASBQAAAAAEoiwCUCA9vOzGM+7w7uevGK1tpOd1DEuS3PoPO7cF1laxUXSUoRKLjeBw79Ofb5ePo+Lx+/zt5NfU+b9bHX29M657jUMNypHA6Y8nGz28vLm578PNiz1b8fol73TO7udJprfaM9r0ued1axx9ODx8/Vxl83PvyXlOvPWObz87n6Hf5XY+v0+Xua+rr5vpl9czsw3DPHvzPkeD6fzunLPbPs6cp0l93hWLKgoEsAAAAAAECgiyAVLC91zhO3O4Y68y7mTrysLOuTPbfKHIrG9bXjnrytlQtzTQSSxXq8vp5dtfN+15fD9L4ee/DWO/1vn/AFOfXvqbzqVTGenM4+f05r5/L6nM576a1j4/H7WV+X7+/WXPH1Zl5dNblx1zuXXTG0NSyc94XljrDhy9nM5TvNZ+R5/ucrPk+/0dDh5Ppcjw9+nTO+vfj2jSkzz68z53zfrfL6Y7ezl6OnHzj3/PSqBIVYsAAAAAAEsAAgFSw9WpvHPrn2eNOGV09HHtyTD0Yl05dUzjQjpk6Y5KzO/JczWbYpVlRc6M+vzerl19Xn9Xn8H1Pjeb2+bWfb9Lw+/l063OloSZ3lcToMTauN7YMtDE6DF6DM3Jc6ai7zqqsTOOmV5tjE6K5Z7ZOV3CNVOboOWuljGtCTUJz6Yrx/L+v8rWfczPT48D1+MKAAixQAAAAAAEoiwCVLD2dvN15593zPV5LN/Q8XvjyOnql4N986+V6E3z57xy1nGN5tOvMMy3pgANS5CUvXjvG/paxv5/1fjef2+I+t34d+fTpZSqSNKy2MNwk0Xm6DndjM3IzNRZSLrO6BJLlQKtMzazm2MNjF1TN0MzeTM1kznWTz/K+t8vWbvj19/zaO3EAABKWAAAAAAAEKQCVLD3+m9+GuPD3bjw/S89mtcuniufXjl6E5+L08enN5fZy1heerNc+3ozfmZ9Hn1rc3mzKlkUjVM6zuX6G8dPn/U+dx75zr09eHbn163OjSWrqaQqyTUJNFijLUiZ1mWRFWWLvO7EqsTWZZZDesaNluYoy0ItqKTOdRcTUlxjeDj8z6fzt58/fz+j3/Mo68gAAUEEUAAAABLABZYgEsX9N9Hyen5/u8OfDfR457fi9N5+h4NdLz8nq8t1PZrxpW9ee51nUs36/LwmvX4+3Ks2y3czEmtRbZJnWrg93o8fs8P1Pj8/T5Ofb6Hbh359d6ztLrOi6zbNJbBSKIsERZjWJZmpW86NamrE0sxnWZcSyW9Oejrc6uaLBbIoglzLFmdZlxjfM5fO9/zt54ejz+j6HzKOnIBBVAESxQAAAAAIolQCVLD6Pp8Hp5Hn93nuPK9nl1nOiybxo3y7cRqU1eUOnLpDES6qU7468mZkl3ITtymV9/o+d28nv83m6ceHr+l283fn07b59I1Zqy2WrZq5FsiiSxZljOmCW6kNXlo7a59LmpLJi4miWUQ6b49LN2W5osAgWZ1mWZuJc89cl5fN9/zt88enyer6HzdDpyAilgKlQCVFAAAAASwoIJUsPqPbw4V7+vq4ery/F+x8Ht5sZs7+fW+OiazD2cGUxKuuuvOi1KyF1NYTUhdIS5sWejhvl2x5PV4/F9H6Po8fq5du/Xj1N2U1rGk1ZdZtiyxC5uZc8+mM6ysXn5PTwPJ6JT3dvN1s7TmM+ftxXHXjqX06ztJ0xs3vnu50jUpBEhm5mpz1iXPHpwOPzvb87pzevyev3/P1ZevAAAAACBQAAAAABAJWdQ/T631+f7+3Pvxzv5Pz/ocfX87wzee3CbzK68aI1lVz3OTWBmxS0ZAAAAtzrj5fX4/F9H1ez5/s4en19fP2l675bN656Tesas0iwkLmyakqJnea553lRCgWVDIGjdmiWJdaxU6M2yopGZWbiWY1gx5+vmPP4fV4uvLr7PJ6/f8APtOnEAAAACBQAAAAAAIISxf29ufmfU2hPmfP+r4/T4vm53n0+OZ3myLVi5GsbMLld4uSoUAAABrIx4/X5fN7devx+ryez19/L3x07657jes2t6xpNSKsmYrEXblzT0445rrzmDpeJezho7ZzzN3lo67409N8yPS82jvrjqXtrluzUgSQZZJi8zn5evls83n6Y7cfT6OXb3fPU3zAAilBAWAAAAAAAAghLJf3Q+b9RnXNMeTt4u3n+bjWPZ81KIspYBFsUw1lSwillC51kssFlOXl9Xl5eh6vL6PH7vR38nfl29XTz9c3rrGjdzqrEJjfOM83Ac+Er19OHc3LTF66rnrrTljuPPrtk4zpmOfDv51578tPpdvJ6su28bqyxJGFZYJy1xs5eP0eTeeGsde/m9XTG/b4aLkBLBZVBEsUAAAAAAIAgVLI/dD5v1GdROPyfsfJ7+T5+Pf5fT4M+nzepfPw+l4KxZdRmxVQWZXWUKhagsAQqUx5PX5cd+XXjfF7fV6fB6uXf2dvN2xrvrno6dOWzSWpz65jz+b2cj573reHbezDtquW96s5OsObpTlnvK889GY83P1ZjwX2o4+idJdblJnWUzjWFmLzMcOnCzj5u3n6csduPo9Pn9G869XjouQAIpQSBQAAAAABIsAFSyP3Q+b9RLE4fO9vzPR8/qm98+Hm+n8vfOct46Yli1HVeU68VsCBQKCAgWhMef0cZ18y58Xt36PJ25dvZ6PF6ufX065WXv04dE6657Lm4MlJnrms0Nb52ut5WujiOzhTtOQ3iZiy2FozSNsi4vNZi4M87xsebXDWccdZ6cr6uPq9nk3Tt5wQACFUgAAAAAAAgAgFSyP3Q+b9SLlOfw/q/K9Pze3z9c/R5ulysmevK3MlanbiN8+kXEsUKCB1ONCFWwScu3NrycfV5fN7c9eW/N6PV6fH6OfX175dM669ePQ66xU1lBrNNCk1TlntzOWd8lxhhemufQ6bz1RrW0xdZKgggsM8tclvO8jHHfLU48enn3zXHo78O3VfZ4aluQAAEsUAAAAAAAgsAIBWdSP3RPm/T47+b36+Xn4O/P0eDz+frnrizfOt8EaWVpFTUyJLGgGs7M6zCCllEsVLI4+L3+Pj6uVjy+rv6fJ6+fX0dOfXG+vTGpemsaKgWVLrOjWpqySjnnrF82PTleHTehu1KEnPpzIRaiLEXnx7cZccdc7M89cdTjw6cunHXt4ev2eLRe/AEAlCWFoIsAAAAAAIoiiCAVnWZf3Pm183xd8a83q9Pg5+ZN559eHTS8rFwG3bhRZKAFGdRVgSwAFMhUqMc+3CdPNx68/J7evfydOPX6Ho8Hqx19V4dMa7a5aOkxDprl0N757TdzqyoArGdSWbx0NBCQY1gkSWyZXczInHpyXnz3xs5cd+fpzxc+jv5+3bOvZ4aluRKoAEsWoAAAAAAAAAggBWbJfrcudeX0ev5rN1Oc01vlq3F1zXpy3lZC2ywAWIAWKAApIiwWFvPY8vl+j5uXp8tPL6u3r+f6MdPb04dOXbveWo1OUPR18nQ9e/N1Ttrhqus5xOs45XvOEPRvybPS4VOs5w6Z5Rek5SXc5Rezki8tcqx59efWM8dXfN6c57+f0zyZ7cfbfBT6F8vfpy3Y1moqoKAgsAAAAAIAEAAWSyX2Xdvm5ZuWqQbwO3GiXMtFlQoIUNYspBalQiNILmxQCQvNMdePD6Hm8fv83TFzfX38Xo59fReVzqY1it78w93X5/SPbvw7PZPNk748+K9E8cT29PBs9+vn9I9efLg9TyK9WOGZfRvzdprpmZLyvCzHG53zdp7LOfj+l86zzwuQN+nx9unP378/f1+KjeQKCAAAACAAAIoiiBWdZl9jOr58pVlnY553hYuSwUUgCK1JRLAFCAoIAZvCavDjjz+rrvy9uPf6WOnTl2+Zz+j5bnn24bX0a47zvpFOHPvxuZeebO+vMj1Y8+TvnjLOs5yu2vPY9GvNTvOUXveG46M7muvfj0zvUkM+ffPWMa36Eep0muPz/p+PWPlzty1iCmsj1evwer0+T0XF9HnpQCCgAAgAAAAABLBnUl9WenK8bPRxXNkWpS51EjWVduNLmwgtFCAIAAELMYmunj35+Po5F83qnaerOvZ2x15defL0Svm8vo+e589uK7b4bl1krHPtE887yzzu2U5TazDYw2MtJZWidddJvPSXOtXMNYZTF33sz6r1mpbI58PRxs8vn9/PWfm49fl1jNqzp25dN8974zpz9W/Jrpy9N4b3z6M3eaAAAAAAAAQASyXui8+3PJFhQLciwAAIFWUQCUTOJrrnhnO+/PPPl11jm5dmN98dOHo9W8dOHbVzrp159c6k3mMcu+bPFw9/n1PLemCMLOm+W5dolsujm6l5TuOE9EPPPRlOWtiWFoGdQXfdOXqvSVqozNZrHHtyM52s8Xi+l4NZ56u985vN1lEslg1vlU7b4XfP068uuvL1OO+nPbN1mgAAAAAiwZ1mXu1m8xSLKiiWFtm5MAlhRoynOXpOHLHT0Y4Tn26YzefS7zrO3PUjj6J9TOvJ6Om+fXnds75tStdeXXLWdxcTpI5c++bPJw9/Kz52fZw1Oe8k3cVdXEl6a46Xq5DvOQ6ZxDpM0abJKJ1eiJ2bFaiUXOd5OfPrmzDcPL4Pf4NZljpypdZkogJVFlRVpYud743pz76893z9DjreOrGtZqLKgqABnWZr06528YFEqoKIXIpDWZymumeOeXb0eeY5d4Mbk1FupY3m5VKjt9r5H3c68rrjn15t5msY6YL15dY2WWKM56DlOkrhw9mU+fj3868WfVzs4TtDm2MTZcNkxdaXPS9Yzemzjvrsz0uommlltJNQzjeTGeisZ68TxeP0+feMtOnFVszNwyoigUWUIS2AitJU1rDeOuuN3z7ON6Y7Od1jaWxnUOouFgAAXEXeeecb6YxOfXWLOfaRMaQWEjUCgpVlmo7/c/P/Zzrtz7c8dM465xvljtgxuaNazuWqMtDM6ROU6xeWesrhj05TyY9ua8c9cPI9cXy306jy79Gjz67U561UmtUzu0ltIsJNQznQy1ax5PX4TxcumOvKVdcwolIIigCpagCwAazS2C2VBKazbneud68esxenP0DpxIKxJrXPOeXXeTn2RMbIlSxZNQysiSiUKFazSwjX0vmeia+5jnvn00txvljtk5XUG86l1VSWqiiTVOc6w5TrDlO2TnOo5zqXk6jm6VObpTnd0xdUy0Ioy1DM0MtWs3cTz/ADfd8zU45s6cqluQpLIBQQAQqUAAAqC3NNMq0zTVlQS59bGfZ4t5y5dhnl1lib1IlS5AIQsSIFAlAoKJZYayX6Hq+T6+fX6e/P356udjlntleelLqUpQ0M2jKiLUxOkXm6Qw2MXYxdjF0TLSsqWKTKjKoi2pqicunkry/P7effPKt4BCwBYApAJNQBaEiwSiUFBKJQ1c2tRmO6XpzS4zqpFqCoEAJYEksWKJQhRQWAAWL15aa+j7Ple/j19msdJc56Q5OkM1YWaWlSKMtCKIoijNoigBKqKIok1DKjNtJVJHlTfzL4tyYTfMWwEsAAAUASiFJVJLCUAFgAAoLmw63DWdQVAIKmoyFoJNZE0JdDE1kFFlIAQtzSpY36vFvO/uej5X0eXTulE1DM3FihSFKKSKIpYoikiiKIoiiBYoikiiYeKr87Pm1m4TeKlsoQQqCgAWWggAABLAUgFBKAIsEsNiypVWBLAACoAFgqQSiVQCAuaJQCLc1e/0Plaxv7vf4P0Mb+heXUKJNSCiVSKoEKIoixQQACCWKIqouRy5/PO3zscd5uY1zqqIKlQBVIolAAKACAEoAigAAUiwZsN0qUEsABSKIsIAClMrktgqCwFCLACLIJS9/Pqa+x7/AM/7efX7Dx947Oe0soKAQAoiiSllACLBLAzzO2fL5j3ePxeWu/lxN4sLlZqhlFCgFFlCwACgAAgAsBCwKAClJKJnWTrEqgudQgKlCiSiSwFLLBnWSoKlCwA1AgAM2yFg1cF9PbwM7+r6/hbl/SdPh+3F+hfPtOt57qoKgsQrKNOeF7PLg9s8OD3+bw+KvoeTx41PRy5rnUiwEVbBkSaNFJQAWUAoAAqKAIIFJNQgLZQBYAJLk2LKFSwAVQQQEolABBMqGs6UCELc6IUksKBKMtQhItzTXXzpr29fm2X6/f4fSX71+Cl+/r8/uPt+X5nKvrT5BPp8fCr0445s7Z5w1mLAQqhULBZC5Qu5oASwoKBZQqoAAACLIASwAqUoCUAmdZNiqCAAtlGbEFIsFVcyiWEShYKFk1CWVFgSxZYNJQsGdQyoiwgioKQtyXSAEEKlJKItM2hLCoKlIQlmy1QQAWCgVQKAAgFCTUJLIAWCygBYqkRnWZdWWypSXpgilllGdQFSAAQAEAFtguaTNgoAMrlbrOhc1EFTQkQoE0JnUiAWUKIAACLCoAIoAiwaaFlEogFlFCgLKAAAILAk1IgCDQIKqEoJLmXVWygQKlFhahNyCAAk1CAABalCAlAQCSlllgAgqBAqKqQqSKgqCoLc0sCoEoiwqaUsSGjLQVQAAACgtloQAFIsEoiwSyECAoCClRLBEXdlsEFzV0gWCpUAAASwilgAAFCAAASwiyFgFJLAAoiwk1CKBSLAogAAEC6gsBQVQWkoggUiqAqUAILc0sAgASwkshKKCZ1g3caNJUzNYXdlsudZJZV0gqVFAQAqFpCy5BCoKlipaSgCAAmdZigoEsJQAAiiKIolACKIsIQFKUhSlCwCqQqCpYClAESliwXNLAAFIsJnUiBCqznWZVyOmuei43k2LEuRc1aQ1c7QQAAgXUBLEEUBZYUpLAAACZ1Ilg1ZSSwAAFIolCLACywARAUlQtzoFFCxallACwFJQABCVbAiwKEsKlAMzWSCSlrOdZlznWTW+XQ3mw1c2y5sJZVSw1vOkSwENQBFoRLBLFUAKgoBSAAksJNSKQCqBKAgoSwLAQqUgJLCrCAtBZoLBZSUpaJLACpQCkJQAASwsCgEGdRMki2VZnWSY3kzrFl7M6stmrJLCazpZnWTpZUQAUBc6AIsAAAABDVzQCUICSyFgooBYigJRAAsCKJAAsBVEotBLBQWDSKZsFlBRZRKIAhKBLFAtzQlREJKIIZ1lZLkwSXtrn0S3OtRmxVgQOllIsAIolCwAAAAAAFgoJQiwkoigAAWCAAQqCwLAgCwqUoFBQhRZSLBLAqlAtSWwTrTjO2TnLBYLBQEBYLEQCLISjnNZXmSXp149S6zrUY3gJYlmjepaZ0SKXNCKIojQyogCkiwixbZQEBUsEABQEAgKCEBFAABCwKUlUWbMum64PRxjNvvPBn6XzqzW43n7Pls+f7vP9w+fv6MPk+P6/yz6vonU58O3A+Py7cSFWSwWUiwBAIABKM46Zl456cpd9ePU3rG9RjeCIi9Of018mvt9Ln4E/QeFPmd8/ca+Fj6viTr5vv/ACTy/T832z5r6OT5Pzvs/GJXtle32Wzw/M/R+E+HufQXjn75Pz3P9H4D47XdfPPsaT4k9fmMvR3PC9XI4rFNaObpExNRYWM3UshuXPb6XtPz3H9B8Q5ae45+v6PRPieP9N8avH9f5f3pa6eQnyPV4i/a+L905/F+18Uz15dj7vk9niTxfd+F91fN4u3y19HPn0T7ud4T5PLXFZnWaWESllACBCiSiWUAmdYl58tYzrfXl1s1vnvUuN4MxJen3fh+6X9D0+b9C55/K382zt974v3M6+Zw6TU+t8P7fwk9X1vne6X53m5eau/nSN/Z+N9qX3/L+n8Wz24+blc/V+V9o93l7fDT6nj8GV6/b+X9xDw6jfwv0nwdT1fU8H0Zc8ufqT4vz/0fwK9X1fH9WXzZ3zPF8z6nzTX079A8nD2dk/Nej1fNX7/f5nrl83yN8a1934f3zr4+/wAw+7873+JPl/d+F91eXxvs/JTzzWTf3Ph/cOfxvsfGJ249z7vi9viPH9z4n3Dz+X6nJPgO/JfuduPZOPy/qfPr5s9HQ8b2cjzt4BCggKlIABLBx6cM6xCXp159LG+fSxjeKxCXr34do+t9T5n0E+J5PR59Pofa+R9nN+T196zn8H7nwz6vs8/rPleH7/zLn5F7ReX0PH6pr7fkexPzOPr/ADLM/e+L97Or8f73PWfzePqfMX6H1/mfSj4+/NxX7vx884+x7PN3Pi/V+T9c1+f+98Gz63u8frPi+bv5VXn1j7umLPmfY/P+qX0/J7cD6XXnmz5stNfoPh/dOfy/p/OPt+H2+I+Z934v2pevm7+Gz5+enc8v1/nfSOPzPqfOM9Wz6nk9fjPL9n4n2jj5OvhOmbk+rc1PAxa138mj1eTv5jz8uvIksLAQFiVELcDbIzw7cJZZqXrrKy9OfSxjeK5t+yXz9PTzPqevzd48Tpq5n0vB7JrHT5nssnz/AHeI+k15THPjus47YSd/P7JeHu+f2l9/xft/I1nh934v286nLHKzXD28B7PN6T43m98rw9fUj2erzemOHUrw/L+n6DHt4do5eL2cbPg7+jzX6XLtxPiZ9oejn7Tn5foeE8/q17Ty+pTj4fd5z6Ph9/hPB9f5v0zh4fT5jPXlsfS+b9Q8/wAz7/M+LfofNPteT1eU8f2fh/aPN4vZ4zfNg+t6fB7U549GT496aq+fvzPJz9HmEsCxYsiFJnWSELYM8evKWdMbluYOvXl11lKPR9j5X15fNw3qz0dedXE45T6HTOTwfS+P9hfN5e/I+t4/aT4mfteSvB14+yOH1vkfUPJ09gz8/v5ifW+X9WXxeX62bPDw9fzT6vXzeuX5fv5euzj4vb5D1zWI4+3w+8+f7fD6jedczj6/l9l9Hh6Q9/PryTl01mvF7Ofc38/6PzDv28ez1a8fU7eb6CHz/V5DPu8Porhx7cTE1B9D5o+zn5mzfg68j38eFJ6vHD0cuUO2ufcdc9DOcw6b57s5Xn0PP5/V5SBQEsAiZ1kksAMc+nOaqyJWjfTl01KE9v1vh/Zzrjj0eXWfXPLpbzRPpceGDl9P5nRemNxPZv58Pd5sczr7fD3MZ9PE654cT0Y3s830Pn9T6LhofO+nzTxfT8kX6M+f6zfm9mDPPtg5+iU8l6DrrFOfP0YT5PV7V16PHqO3j69q82fXwO3zfZwMdlMcXA9u/nbl9PXw9U9WM86nG5JqWympYchJR6OGxw9vlrkqLvn0LrEO1z2s59udJnt5jPl68hBalEsQSVmwhADHPpzmqmoakN9OXXUsROn0vl986+pzu7OGvVxs4cPZLOE9FXza1k79vL1hz75Oe+WTfOjeOnE267JzsLrPM+jfP1OXbHc1ibG85O+saM53Iz149SqszjqOPP05PBe3A63n6Fu5g5NbMctU8l10PNx9vlOLVOnfhTfmnI63n3Mc7mpuSOjn3ObUIsO3Kas5Y7czPbntXPXaHVhPTzyq+XfnM894WAqWLEEQQEogMc+nOabxqANdeXWxnWKdOXWX3ev53pPfeHe54z0cbM5oz5fTxWerw+yO2EPM10MdeXM9nDA9XDvg59M9Sce+jy9s9zfp5dDjvtDny7DpOfE7POj168W19m8aSossCY6DmvKXfPirWeuzzuvI55zTfHXEZkJrPU88uh15BnMOuuWjpMQ3c5Ol8w778+To4U6uQ79/FT1Y4D1XzLNcmRlJYsKBAZsICgiwxy7cZq6zYUL25dLLjWazvGpfT28vU9/bx907cvJ0snTPI9GcZOiZPRnz5PXrxj1eZg6dOGzr18XRfTOGD6GvDU9XX5+j6OvD0l93HlxT0a8Gl9vPjo6Xx+g78/Vs3rNSgM8jpjlwXr5tdDz+nek7ayOXh9nzT18pwXrynGzpjng7vOOvTyjvjAUE0MtCXXUzfV2PmZ+lzTydO1rnPRY8XT0jzu/WvHPVTwcvpcz5+Pd4jIloJLBnUJVEogMcevKaus2LZR059LLm5rKSXv049E7az3rzu/FLjoMO/c+fe2zzvXk8uu2zyz1cjG+nQ8m+mzy59/A5a69jya91Pmb9Y8efbg8l9mjwb9VPF3u1118faPTvwj6D5+T28fKPTwmzO7DpmdTnPRyOHn+hqz5+focjyPpcTw59nQ8D3Q8l2OvLtzJ057M41gm3pOfqz0OuPPmPZvhuzfOwZ7cjjd9DO5k55vM6OXRZ8/6PzzkACAglossCRmXGN4lus6KD/8QAAv/aAAwDAQACAAMAAAAh03vd8/M/+pQN/QaGFqoe0X0jhpeimQRN/wA/9x7RRZwSTQfeedfaZyywRUUXaOWgDAHfTXfTa84ks48QwfcTux+cAo7DGxThfkUcqTznPy/FLkReElYdXWjkd2tDfffZPbTeTisjvvvvgggjggs4gluwgAAEM+8MbTSTTXeAOMMMMLAh3+8gGcsRCPcDFMVaP/8A/wD/ALhjnv8A76oYpL44IIoDz44pYjrJL33mHX00kEEEUDSw0G6zXEABCAABXj//AL3/AC9//wD/AL++++e6iCOAAwhoH2+OCCC//wD/AP8A/wD3fQQQQRULXzNcAAAAEAEFG4w08zil/wB/+8/u3La9xgjAtwS1yAY4IJJLL/PKNf8ArDNRhBQr35AEIQ8ogCUDDGOmq+iDD/5nWiOmwMdJFOf5YCoKaCCKCCyC2CC/ff8ATQRSKwJCMFPfaAhmQw0vvqghy87DxihBAO6wlZVI3vWQC3Lygggggko1/wD/AP8AewwaKkYAANPfbFjpagxvvvi0c0yFrCOIDy06hWfFzd5yZJu2Qggoggglv/8A/wD/ALwQKqxDOfVXfHOxGvvvvuM/f9BFPDFC0w0/NdcB9w1bVR5O8Qvgggggt/71/wDsED7pSlVV1WX2dzqM6r5dPYI7IQyyBMueT2uQDeutdTxl0nYo4pI444LLOL//APEKAcFZUsYV9UwjD++BYhvwKqAWHvKXHwBDZgjLDPUU4gvRC2+/2++OKCCS/wDybrFbFOMNMYQC/wCsPB93NsEnk1BMf/8AvU04xnoLftMw8MP+ZO//APvvgggghu/yfv1fICVPCFPE/iwyyZOHOIOXfcoz46xXB5K57D84w+M24TXO/wD/AP8AusggggkKdvhaETbLAKECj76WmvOJgguFYUEw/wC+hHOdV6sAi0vNW0X/AEf/AP8A/wC62KCCCApWJkNFJYM488jf/cIkAQMAjyIwko7Hzz1dvwN+Po4AQkJRre7h19/8qCGOuApUrsdBBptNNNTLrNfgUIUQmsMkYAwb2ez4oMR7wbDwc0s4XxPBB598+++KeqFUu8t0NMCGe62yMW7EsQg+24DZfHvPYAnAEYQg3D0gkMEsdU79pd99/u+GCCCrcxAA4cqCuquSNfP0kEISO9LgXlsgj/8Ah1Ry5z6G6JGvFNHXoQdedffnCNqlqYuZABEspjlu1hc2HKHCEiPRP4AP+PPPGVZGNM1DfcYRNHOvRQQQVfffTnslqVnspypnvgh32kAaZGPIKEeHFLmDSPk4xIP9EtTeq4WDACoqQFCAAfXffzngqcikm6150ov937LC0MBHFL6qfAUCfGFJUYEYp9BDVqEu/gq4CFKAQfcfdXrgpZaV2062swv/AN+koPxDgBNX0xFLILaczAQAp5+1RSNAf3X2ULAQggEEEFX44Klf0S/PnmEQQ5cGi+a7zR8SlH+XiR7BEt+2gr8iDq936sGGuMBCBQEEEFX/AOqtycdFBlAgVUxgFMB/7/zKrXKoH3GXMBNBRKNQ7AHHRO3m7gA8AEMABBBV9+q55l4RwB4Vtxks87SIr32R+fnT9qzByR1BRfd5kXtYObhhiCU8oc8sBBBV9+6Z0ymLTC7If8Akgy/kPd+BH2Af3GvvRTDhISSDB4mwRLmIc38w4BowgBBVd+ipPwm7vOfLLrYA9JwIjxVxYvcjL2OwVtSuNN1kFI10pGION8gB8csUhBBR1+Kpi7uRALZ6plYBRRSXPEEmwe97N/3kIRo4Luom1aZYxZTTssMAU88IBBBdB36BsTfJJEzp0glNBMGzjBYqmpWT6+aJIu3K9nlVqxQKD3qLAQB4088sBBBV9/uRTZsBSC+jFKUww4/3GDYXei22iVxQ7sz6ywE0xhn33dqSLBBB0888gBBBR1+BGwRoRuo1LUR18JKOSEuT19HuyxXAz4/mUyRtJpEWEpWhBBBBQ88IABBBFF+Bk7k8T0A5L/8AUWcbNxhUnIuQUDN2yZ8yZpdAxumOWahwCwQQQARPLDAQVfa/wQgMC1RepdHfFZH4U22Mbv8AypKYzlW0Bk2/ZJbnGrxYUiAElyAlTzwgAEHGX5GQ3L6aaYefWlHNsZd+jLEDhnEAp61LO9H8sXYUmhEUxmlGHDwkGSgEEEFUG4GJI7I+f8Ea0UXhXTJdKRD7W01WMuuP2qwqmqpSR8JIcBSkUkEEHzwgAAEEX5FrDeYxERiRzxoOlHKuhig+4iXDPUyQDnNVm7V/iSbF+SiFEEEEHzzgAAAAH8Xw1EhFAQkyc4McsGVBOR7SpgeD9X0zhyRBr2Sgo2mntpqEEHAEDzywCEAAHvMBWj1PGUziMfLZZyx/QV7JDxN/n8t1F8GM7DNTOa71CtVWFWgFSzzwEEEMOpMBVScARVbSa845KdlYMkLebztcpZI+6pQOGeiDvLLLOj4EEHAHwhSAAUEd+ocBX+FJ81xQPrKoP4t0NL2wksc/QHX2s4oVd6N0BaV1pSAEEHgzzzygAEH3+oMDS6iLAu1xqEPqvosODb2gwV2HQgWXxTnmQC7EkqDRTUkEEFTzzjTwwE13/wCTBcgngfy7LueOC9p0jWCVB44o1+jPuQkUfV0DoyPsWnYBBhsA08oQwQBxx/6WWw0wWSugxRQEIBB8fsZ2Ja4EouRPpOqbv17UvSPxOLLFBBUM88AAUABBDPqeBXz4O2cU8m6k84m3ub6JlO6xxbUfOAIrDcqEuULa3Rt5mMMAMc8oAADDH/i+ZW3nad6YHKwQZPDWyNqoBJrQwAgiwZxLj1jCR/qZwYSoX88A8488uGGDzzqW7frqn6z+dJdUqU+ifbJQ6cI0Vd7frE+nkLboZ5PuDPBW1l6C8s8+++CSCDHTfdWe/i+D44M6CyDZXiBOI/cmAJMqZxVSPgOl3x0smeWmVtjz1yi+6yCDDHthuvmrDDTj+qareVRp11vgv5hy5nXxkV13DgEUZ2zlefyQ8ttv/wBgjQwggwwdV/ugdbAw7ui5yn+Hb24gI1Mv7zqzYuPQUAAGKhe7Msdx5kGjqq8InbUSjTTfVN4xbdzw7T3I/QxM6h7Xe9rOiG7nQk2t7qyVeymFCkAOMAMPceCj7/ExCnBfucrsorGvUCwB01cB98V898gso/jJdXbCqmnx5WZcS2XcPwCa81yMMIPIIzIlegzzP1Tz1LI35wPH+Hquq5g4bGMZdUUNP2ym/gsujIWVm/X9r7x27w8w++HOq4LI7HtgRZ7gIEEK1VA/4iZDAJLCZJDJFq0bKSfzZmK8B96hsz1xj925729gBhT7BCaSvysoOJBAGyMQPKS2m/8A88MONc90kEG2gqdSrhd+8d/9MuM+Ie+55JC8S11v67ZKIYggQylt9v8AHcdv0zzOs95/7zKiDzRj0MFHPD/pDDP/AN+/5mgtvfyjlnvioojksCCOIeypyefVw4tDQYRDTQTstMMtH9DCQw86/wBw3f8AaGyWqDHdmm2i6ym++628sMgssz/5AQJfSXvzzaiK0V5VKtHMp1DbP3/NI8//AIsnnrm8/VtkpnssnuFkhnFEAPIJy8VBPs6TDGeytulBEihsQeWY5f8A8d8TgD7rL6IMeu1MpILIZjjSg/GijyjpACzC+u7mgJtjuoSIjbB1W00VzQYI/HzzgDbLb4oMor4LahRJ1nWji1kEDBm2yBSQDgztfeySmUn1GFVmmGnIYCcfIwQjzTB7qZJKSXbN3miBJv8A5JBdAEdt1pkgpcQM8QSP/wAgnqsxadedcgmnrtltPOADDMjnguBUZNw0WRHw+49fbQCPDAQaEojguiNJv/8AKpI7PVzktL44oIJYgSjiBDS5oLo5NcyuOAzyssNf/jyzSAAwBSK7pYYIZPcsZ645t2UN7phD4pBRgAiggzRT7oLZ4uz9fgB3OPMAQTQwphCDyh7ZYKL6rJLIY4Ka10ttP7wQxrywlDQhzziRK/H5ubh/8yBk+enzQUQg6BTzzhqaJ474rKPZxb40mWpvdmgwQiRy0ByTBQgiDfFblkQ0mDiFPVEQFFSDAQBwwSxIbxRR7dWUbq6UX2E/euyBzwjQSDghRwQxW/JLkIjmGjhFnyAgzShwzwQyCChK4AgYJt/8rLlV+t1bee7BShghCg1VTygk0lM6Ud9ljSACSzSRjTxzwACwCSTzBTzo7IYJ9u3F3feLurLaARe1cd+1BDgA32evW2jTzr6BGiDCzChz2/QDvxxzyATbgIppKM1Vv+txKYCKklDkRwHhSiQkF21162xBQsQ09Se63k9fxZUmrJvvM/7QFiqHqJaHuW5y1H5meybPN/S1iCjXH2kH64wxQjCBVbRmUx8arCVZzlvXxuDp6Jq83rgSB4im3gYNx5vLdl4ac0Hn3kEUp4ypRis+wo7Yj8NygdsBTWiuLZk2quC+5FnFl3qBryr5SkKJei56PVlnKo46UYEezhzado1H3SXJ416pZlDVsDVPfkiNGq6BFEkh7DLJ1XIbXrha9XSLpKSEm4ruMuOQQCTg7x5llEopFoCWvP8AX2+vwwooxbLF8i1pV1TXuzCUmpwkEWKF9kykM5iVIC2EN1y2ThTtQTZ5I5FJwNZrYY4OGevQC5um6moyq6hsx1UYVGYFpcKkcpj6W1wgqOuW2TW+e2W0IPbd5ufokkEkarZ1qAmG6ah98ibRNQwKSm5RpomgyEQk1pB4vaqKiSCeSqss5rqi9d96B495k5NRD/PzRtn+Key1ZO226Z1Nl0G2mYk4iVLHTvD/AF4HGacg/uksIcvnIH5p1pQfRcb01XUi3Ev7IPFfgEUbWPVLvvjBBXOzyz/sorkqx+qtgoYPTXrnumthVVPncYcjy2Z5Ykt010svcafkWRoskv/EAAL/2gAMAwEAAgADAAAAEIcPD7LHKAlGik0ZM7nm0C4SEt+R1wZ9ED8XcSY3jrDpwxuuvugklCGI++0z1NcxEAAzMfbOSMJWYIIoQ/YY7CZ7b3EqNC8vGKsQurwISoenTz15MRmlKRDeo0cETgxp3rDOMtjsggggvj3cCQ8rT1+DTzz3yCF4mt+4w89jso0QQXYxkv8AjIhtAcs5NJfBS1MMccNLrKJ8IJbra4KJ/wC0+CANLom5zR6CnfLKznfvv7I05ws4D8yDeuej5UvPf7D3LHLDPzCCGCiEYx5izORhMIAiPLD8MMc+88+q/wD/AP8ApQY16czX+++uJZGeuaCD/nHHfrFN9/vwvJ2pgCaZmvW4y+DTfx8w/iU8V9zvdpQAScua2uGml+mCi/3DXzfDBdkVsmquxBD0Bf8ALGaMjqfk15ycRSgw/ipTs/8AsAgXvY6r/wDUe69Ie/yuX/mNatgBwBNFK6TrDexxG56kVgLHd8ccziW+4A+F9/A/fe++a/8A0OssFXu1hTYCZ4Ne3LeURp/v977buOhvF11XFfPnvly1/vLPLmf6NSGdiz13wIA6SvjvvI2NL/ASSODYlv5tF87er9Z148GlWtQvvvrg9vrlvNf6KYwPdxkmmTao+pzupX/6Lz61eUSfuggLqPiJvcaXruwC+3ctrssgj88o/hSbn4JCti01/JYfp+/qT/8Aj0TePWecrPCQR5wOaI133SgR4IioIY8oILLY89N42PtQRv8Ayyjagd9CXhXEIFtHrLrYSuu9cAmE/JE2dfKCqSxSTRPjCOC++7zH4wnrAULmLSvvJFh+i5/TXZxJWD+2Ln356LGuFgsu+GtBe9R09n7vDzKGO7DP8bXjOQSbXa22VdIDiDNctBrjXAXCSuRH+BgvyTv46hEWGkU8y/fzTDCGK2e+8+TXvuPPPKzaMctyqV3qkEQY6DcgQ8yH7L8Q+xeF0GNd1hwQFr7h1FrAW+6yQrXgJ26fbHjTTrt3Rt0UYZtVvNCyVFoGcsKiiFLQCWSV7P8A53pjwQWaQAggtolFvMykn9gmPfeVy6rvfoScS/yJTynoocilWjmSeWs+bQcYd40U/aSTQQ0guvvgS2Kjug0gA4FEt6bhSuUZZ9z3Sot4goUfF9B9cVvdhhb3c76SIQNeZQQqNCllVbZjnlpMozzE77/kutcdV2O2pvlcpdxw6Gj320SUDOMMdbQvmPKHNATYcojnd7ndMRjl78FW9ljFytoUbH0KzW3xha++UafZVPVsR5B/z1NAPbdXaKTUU8oi967VFZWE39UXx/Zhco5dbapnWqeY2+hgHSF6WB7ZDw2g1ilidadXKPcTRYkq8I39XbbacDPS0Kv3Q90xUwNIob0LT3DjebZBqs7Qvm89fdcHTeddaAABEQsq/SMlkQB/7n5zXAWFrPItx4KGI8cqJxoPokCmhFrR47kVxYftvbXaTAAFEYwhs30wuz62kr+jhidUXtoZmtbhyRwN3MTEPIHAdKAEERB+A/U/RfecfaAAFcYlq0J+adRdVWPVfnivDJtWdUU/mYJOZTTCuVU0QqiDwuJTQtbbw1c4UbGLFYchjoKsm1sglQjIWmTcAA9V+bK/bAxhK40UyHs3jGxfI+e1D/ah8h/lTXQAFXSi/cF53yBmPAozpGQQzeklqTmjfWFFK5SGSouaUJjVG8tcqTXIGbI1aXMAUYQpqwx4MtzGtWHViAGVaiUA5YANbupHnGs2n0ZD6kvP35VAP8ZygBCQ9fABHQZxntQWV5iZD9pLyDPLC1TKvs2Winss34C1nM8zIEJ5deVpDqki+sE8k/nPHPf0ppQxsBoEQkctgu0oZHYzr5oyJqc5TxdRwMaGIKwQwngYR9x/y4gwQXTKgUdYgTM7Ul5rnAJclrx+zrf9a5c6VgUqyR8/zAzqTVdCrP6n5ff/AOtK0HX3igAQUKR4Is9hRsyMXOL/AKpg/wDkXORVXUbtqKqeuQDj69yA7MWIa9f8wgxoUcdOFFQ6ysSyGLiOUbd2JeEmptDG/pOyjv3mEIPsKyJazyWS/wCnNAP3MaLc5MXX2gBGWq5W6+ZlCRh/SyW4dH8hBptTPiBCpXKlo0qyBjPrLnYGSXeU/L9smDf7zABQHLiVcyO8cEh6Yq055b9uRHA5rRQ9uAnd0lZjLGsgC3B0A8P3mUMG2kPX32gASJFBMZoUlJxYoOUFaOr+IWCXqMkr4hBTyLgk0jcKHf7JKO/WHkMPOwEX3332i/jQksaFrYwf1mJrS+yfBXdB/wARnl8xgIAmpK8iB4CMhIkXl9LyDAhBR9c95AvO8v5Vqq2SnMjC8kL/ACosK69AKm+xbRSiM4xj1tU7onYKrKWdwu0MQQfOoCgtDvOwWwY6rAxFzjnfMyy6NwLTfi9E3OO03YObQ7sUJsSvvvRw8s89bXfeCBn1OvPNJamrszq531g6AZjySRhxgDk35uuOQRvJHNwsO+a4IAXb+iDRRHfeIPW9M/N1uSTAE/j1I4u2jlVZF4pFbblakmtsHBnis1+CURoCSQdQ1EARTQeaDSRyk/NL6dGVp0+u0qvVWJz0Q9u5YOf0KdRpdzlwXkMsLn2+HfYYANMVbTbaMcTxEvMbFec0nQaVCIXGKAjaOZq8YVKsghWHDmh6hSx49td37YQRDLDffafbAAj1DPyvo5huEMa56cRX95ga2XiPVqCKDXB1ecXyJD1f+2UbxzzDAHPIdffash5yXMXqsUyYzQ07TKf8gj9+MA5/fWh/xUDqB6/YEktIPUO4BBLNAMBTEE++7ss3FMfm+m3wn6WMad+Ak0FDnf8ArYQ62e+TSpjJ+ke7/wD67LM8Pt6CBdR2OL/n/CxBF2GWjvmCM4oGzP4c89rjkaDms+gjdBpSMo1dN1sHDVFg9CEjNHfTHP8AygBe29v+0gstgwqjmFub2r8MK9L6ViaGGxWGCWw02x5Z+V3TOyqMFtn2/wDT/wDuEKz17rw9gKDqAqngupr2Oi4e1GMD8HxyqQUXv5BjabO6Tx0Y7wM4F1rkqSX3PPrCrmBxLd1m2m9YBWceekeHZbRolwOXLMFc2SKzki6QQ0UernOQB4NmJI5hc2LRzCubguRAh4yGLBdiLKSZaBkXy8KwNgeCyvhLvHzZgqjq5oHLKJtlcuyVup6MMYqqMKt6ZClZ+JTd3CXBKnsFZ0eOT4SJKv8AmXZQVGiSjjDyEyxj212gphUhxj2h4TBQqG+Lpgs6rilUupkeNiMv2h8V7l8XBdZ/CWF8PvyON/8AM4Nb/vepM1YYbJPAFYcaCJJqPU5UEQPBkhWXAK4mH04wQ1xBch8XRIb+kmsdtPsq8u9udP8AtTYNzuzWeQkzq6147efHlXkCpFJwSfHkIJkQnbt9LY72FhDd3/zz+6azzHfA/amCw3OcE8h3C2d0Gqi/gkXDL8LRRwBQt735x9w9Ri7BhBnChQPL3XzjDa0L4iaAUyigBDtvfXn2Ri5xmYPQ1POTD0kEDar7F7Z6/vcp1H/8FBDDHmX3f3dPMCSfowY8TRG4Ku2eKtihcuoHnA59Uru8NdgpADPuWSgawyzuohJT2uPLCO2G1409+IGem+N/GwM6IYAA1SB/obc+/v6nQiTgtGuOCPX9di0pEAk7fzHbS/md8I2vI7vnSaP/AD5OJ5xnKsjrYTqBZ0F26r6/+1mp8kTQzPHwSBDKPf518h3Fccdw2unCQV682/gGTX4xOL/oHAAD8KNbTX/O9/6pmWswe4x5QBCHGd050tHabuab67rXj3f9+8mLCj3yAnvm35ZNwFLxzw/Ozp8NW0t710yZcFFEdW3uhvi1z4bVjpjalsRcqEPYDPvnKh6+y/p5mPDw3/5J++JQ8VD24bbeTFACPaRkulwh9uZZvh5RvDlpLLC1PGaRf0x29/jv6cZb8UQtmEHt1QDTxds1KDCPmgVu8SkLAsZakHwff0AEaNO/PPQRM6y998smbAf/AEE7NYnMdARTFGnLsg5ILZ6ZismhsKo9PwTtQc8REXSU1yFEAoxce3hi7gcY0lld+dfp6bCTH3E0dLbb5YaYsdqA5MXtuwRd8JirqQwTBy0GjqA+cXT6sjjAPEp/wQYV5oZHnnMq4p+uLYoM/FeAWAL8w1xzpDjtbyiDzwAU7pBl0kzp8/8APW4XnXFB/wCq3s8ZmYiEkLytiJBYTw640mEX8Zkwrr1gm6Q1ZrjUsjvZoW4E207zOjuOqrB99JUfb/chj+HJkpb6XUaLQZfvakj7hVQVqWqcFOnmCGbRqDt3OsQUIQh3cV0arYgSyNQ/hi4hgnz2SQVMkb+9obc8TUwTRv7puDelS9XWQwZPfKYhFDCBABk/1ZJlT79SLY4Nx0y6fceoc287QR53Uv8Av8n2IVb0glX2xbYxBpmk9ma0ng4+E557f43q3HWXR9eXarT56ljBEhFI1qCaqRvZe29xJtGeO1jrH6GiYET9rhF9ZtZSqpmn99PHT8ALoQuL2lGlhwTCucTiFivkLErBsQ/b9t//AKm+/NvjECakG+FhpHxIBw53pLwQQi1QB8xbejJrmt1CjvZ10XwXBilEzYYYJTUa5xO4tuPvC9S5tWojbSI/CBIkJCnuRQhvITgOKTGxriP7vy/TV+QitW+hP5BeSBHbmQC6O8zbaGNxcaq4dM9becOyTwNDnusYEY98w2vr3Fv7LNaAYL8fNMJ7gNYJDGNLUg40u24R1tVhhG3ZZU9CPoNljOS8hXAAJdWSc2Qhu+XO2d+exJhOyzJuFfpJKEBXeg+ZT/h+3RBjiVYf6INtRU8DgJeeuLmrrp8Av9hNpgrqRpnLYUZ+Dhipe9IgWLNVxlw1c0p8p6lai0Nt/8QAMBEAAgIBAQcCBgICAwEAAAAAAAECEQMQBAUSICEwMRNAFTIzQVFSFCJQcSNCYYH/2gAIAQIBAT8A2OCllx2hYofhHow/UeDH+p/GxfqfxMP6n8LD+o9gw/ge78P4Hu3D+D4XiPhUB7riPdSHup/ke65D3XM+GZT4blPh+YewZvwPYs36n8PN+p/Fzfqfxsv6n8fL+rPQyfqz0cn6s9Gf6s9Of4ZwS/DOCX4OFnCyiiiiiiiiiiiiiiiiuxWmxfWx9+tKRSKRSOFHBH8HBH8Hpw/B6UP1PQx/qPZ8f6n8fH+p/Fxfqh7Ji/Uex4vwfwsX4HsOL8D3fi/B8Oxfg+HY/wAHw2A924z4ZAe7InwxHwtHws+Fnwxnwtj3ZI+GTPhkz4ZMe7ch8Nynw3KfDsp8Oynw/KfD8v4Ph+YewZjYV/zQ/wAbRSKKKKKKKRSKRSKRSHFGwfWh/rtL3q9ozd/1Y/67S9xZfudg+sv9dpd9tIntOOPlk9vwr7j3pjFvPH+UfEcYtti/uQ2uLfk9aP5E7F7nd/1f/naXbsbHlgvLM2344LyZ95uV8LJ58k31kxyl+S2WxNinL8iyzX3Me1zUlbMG3RcVbP5mP8j2qP2P5SI7VFkZqS9ozYPq/wDztLtZM2OC6yM284R6JmTeeR+GT2zNL7kpyl5faU2vDFmn+SO1NEtrk/BizzclbNkncV1E/Zs3f9V/67S57HJLybXvCME1FmbasmR9WN9ldhSoxbbPGqMG83dSMW3Y5/cjJNWvYs3f9SX+u0ueeSMFbZtm8PKiyc3J237VGGbTXU2LJxQV+xZu/wCo/YZs0cadm2bbKcmkyTb6v26lRsW2ODSZiyxnFNewZu/55d/LNQg2bXtUpyasej5H3VzRdM2HaqpNkJqUU132bv8Anl2ly7wzqMaslK233VytdmE3F2jd2eU4JPvs3f5l3s+VY4Nm1Z3km+S+V9laNdndTTF3WM3f5n3Wb0z1GrG79ku3uudToXjvM3f/ANu7myKEGza8/qTfsa7uwusqMbuK7+7vEu4zee1JJxTHzrurRsvn2V1kRgd449/d/wAr7mafDBs2nI55W+wvYpc2OXDJM2HKp4o91jN3/Tfc3jNrEx+ewtH2LL5UhD5t15H4F3WbB9N9zeSfpsl57T1tF6Wi0cSOJFrksvn3c/8AkRHwu6zYPp9zeH0mS8vsMcqJZUh5j1GzjZ6rPVkccjjkcTOOQpyPUkLIz1RZSM7FzbDKsqIfKu6zYfpdhi13g/8AiJeeeyeRRRLI2y9Ey7K5q5YMg7FpRWmx/ViY/lXdfg2H6K7m2Q48bJqpsfNJ0ic3J8iEu09EYpC5d3YXKaZFUl3X4NjVYV3MyuDNog45GPkY2Zp6XokLR8y0fJCVMhKyy9F1aN24uGCYu6zZPox1vstWjeWJRla5WZctEpXqkJCWj5kiiihrSzDMT12bHx5YowQUca7zNl+lHlsvW+Tb8HHjbJJptasyz4UTm5PRIURREhIoaHyoSOE4BwJRoZF0zHJSQnpu3HeSyPhd5mzfSj3ZJOLRt2PgyvWTpGablLRKyEChRKKGhokWXoiKEuSSsnHTDJpiEbrxNKxd5+DZneNF86Fy7xwKUHKtdodRHpA4hTOM9Rnqnqo9SJKS0Wikj1UeqPJIU2eozjGxkX1Rj6owxcpxRsmJQxx78vBs8axolGxDFo3QmvOi5duaWFjknJ6bVL7aosRGFo9MlBElRKy2RejeuONnpxHjHFosvReTC/6o2Nr14mP5F35eDB9OP+tHq2OpCpIsWla7z6bOz1KmX0M8rlyxZHIh5BzJOyS0jo9Yyo9Q9REpqiWqMMuhu9OW0oh8q778EJKOFN/gw5PU6rwNiYpxbas+4hW2ULl3mm8Eifzif9DI7k+VaXq9Fz3rWuE3PgufELvy8MkrwcNmywjDHSdm0ZKkldE9oUYqnYsrU1JCk5UyPXRc22RUsE/9GeNZmSb9MfnkrlY9Fo9Fy1yYPJuqFYk/YS8E9px0rlXQx7UlkVO0zNJ5MjTZhx8a4SeOUPKMNrFEjpPKsZCanFSXLm645f6NtjWZk+mJD86rSiihoY9EtHoijhOESK5Nn+ZG7lWGPsJeDL6kpIwbHTxN/hGXYbnxRZgxPG/BkxqaPRkkqYlpkwxyLqQjwRUVpejJ/KzeMaysy/JohC5WS1iih6IQiitGPTZvnRsH0Y+wl4J4cfAmoq0jFlUVciGSE1cXZWq5HyNWmbz2eSk5E/lJedEIjySlyR0k9YsXIxsTNl+dGwO8S9hPwLaV6Vs2jb3KdLwbpUnKUn+ORKmUVrWlabxxKeEzwqyXnVEdWx8iZY+SMi9GxvRGzfMjdq/4V7CfhmTaG8MYpmLheSPF4s2OfDwqPdzq8cjbMbUmZFUnqmRZZxDetarkYmKRY5DekTZY9UbAqwr2E/D0Xk3dtEf6xb6kX07jVm89n8tGfH1Gq1TOI4i9b55MsUjiL1graNkx3OKNmjw417CfjReTd+JvNFkPlQu5t8bxs2iPVmRU+ZctFFD0ktFyIwx8G78d5EY1UV7CfyvReTdbam230MWaM+iMvqcaa8Iw5JSdNdva43iZtC/szNHqNaLVaqIonCcJQ4oYxrliuphibsg3IiqXsJ+Nd3w/o2ZXlWKTwXd0zYJ554V6vn8kUlquxljxQaNrx8OWRmiqJj5FrGVCmjjR6kT1ESnZej5EiEOpgg20jd2z8EU3yvuT8PRI3ViaxSvxIxYYQiJEdV2GrRvPHUrMiMkOo1yJ9t6oiupjRu7Dx5EzHHhil7GfhiRLYqxY2vLSs2OHp44QvrQlSS5K7W8sTlAywoyoaJLkQuVLR8qIIwwbpG7dn4IJteyn4Nh2LLPaVcP6p9bMkMcXGLSoxwhF/wDui7ufHxwaNtwuM30MmO0en1MnzciFzsY3rEwwN3YVPInRjioxS9lP5SOOMV0Rk2aM3bFBJ3XWiu/t2zqcG0jJCm0ZIVZkXV6VomLS9b1Y9EjFAXQ3fnhjdtj3njX3FvTH+TDtMMiVP2GTwK+nsW0jac2NY3bMuRSySolTRkh1OEUbHiHjaKZRwsWJnps4GcDOBjgxoohC2RSQ5UY5stlmy7VPHJdTZsqyQT7+T5Rewy5FCLZtO8XbUTPtWSSf9j1XZHIpIkSiJCOFM9JCxI4EcKHFHAjhQ0iQ11EiKpDlRxGJ6ITpm7dppU2RnF/fvZPleil/Zqu7ZPPCP3Nt2yLg4pk5WzNKlQ31FNpkclj1UqFkQpo4kcSLRaHJEpjd6JFkpFkZEchF2IwzcXaMe3Tj5Zi3jFkNrhL7kckX4Zfan8r0rtWPJCPlmXbccfuZt4tp8LMm1ZJ/cyZvyyWdscmyRZGRGQnpLS2cUvyccjjkKci3yWN6osxSIkRFkcs0+jMW3TgYd4xdWyG0Y5JUxST7E/lfalkjH7mXbscPuZd5X4Mm15J/cc2/LGxyM03ZZZLSxSI5BSTHpQ4nCcJWl6Nll6ITLMRBdBcliZDPOPhmLb5ryyG8YvyY9rxy+4skX9y+SfyvnbJZYRVtmfeEY2kzLtc5jk27erGz7m0dJayHyKbQsgplrktDkWWXyLXBEiunPZZZGbTIbZkj9zFvKvJDbscvuRzwl9y0ZPlfK5xX3Mm1Qh9zLvHzRk2mc/LG2+Zj8m0rrq+dMUjiOI4mX2kupghSsWl81l6WWKTRDPOL6MwbwdpM/kwlHzpZPNCPlm0belaiT2vJJ+SWST8tj7DJI2jV9+uWijFC5IgqXessToWeaVWZNohBXZm3j5SMm0Tn9xysssvstG0wetDXcXMtEjDCkL2LZPNKfljffnBSVGXG4SK0aK5KK0rs0VpixO7ZFUL2LL9jnxKcRxp09aK1SKKKKKKK5KKKZiw/diil7S/ZZsCl1RKDjrRRRRWlFFc6VmPEl1Yl7R+0njUkTxuL5aK7KVkcMmQxKIkL2j9q4JktniyWztLoNNdqMJMjg/IsUUJFf4uitJYov7D2dH8djwzQ8cvwLDJnoMjgX3PQiejEUUivcv3lFe/f+cfuL9jXsmMXKu4/8U/8y9Xyr/Frsv8Azr7N/wCTfOv8MitEiu2+da1z17auZSOM4jiOMu+0x6LRlqxacSuidKheGxSOIss4hSTG+omdHoqHpQ0UU9KK1el6WcRfNWtdtjdsQhjH5MbbG6IdZMy/9RfIyJwvST6ija0b6lHVFs4mmcVwFNiyEmqOI4ziOIUybFyLSiua9V25vREdGMxeSZAk7L/qR6CdjROJjnTpkkqs+4n0JK0IknpErqPwIcBqhFFMSK0eq5HzLtz1jq0QLFo2IRejXUTuJ99OIWj0vVOyRErkfItU0PVaWJ9h6WPVeB+BPrpHRH3GRerdMbLL0aI9ixF8jL5WjrpRXIl22PSLH4E/7aIYiupRWr6laVq4/jsPmoooXJRXMu29YjGupFiKK9xfMvYvklrHR6RZZfdvnsvlXPfsnrHR6IXZsT0vkssssvksv2b7EtY6oSK0rnrToUikUjhHE9P/ANPSl+T0pnBI9NnpP8npf+np/wDooopFclll6OSOITEy9LLLL52x6//EADURAAICAQIFAgQFBAICAwAAAAABAhEDBBAFEiAhMRMwFEBBURUiMlJxIzM0UEJhYHIGYoL/2gAIAQMBAT8Am2sGVpjyz/cz1sn7j4jJ+5nxOX9x8Xm/cLW5v3C1+b7n4hl+4uI5RcTyH4nL7H4l/wDUXEo/WIuI4/2n4hi+x8fhFrsAtZg+58Vh+58Th/cLUYf3nrYv3o9XH+9CyQf/ACQpx/cjmj+5HMvuWWWWdzuWyyyyyyyyyyyyyyyyyyyyy97LMn+Nl/nqvrsssss5jmZbOZnPL7nqS+56k/uerP7nr5P3M+IyfuZ8Tl/cz4vL+5nxmX9x8bl+58dm+4tfm+4tfl+4uIZRcRyH4lM/EpfYXEn9j8R/6PxFfY/EV9j8Rj9hcRh9j8Qx/Y+Px/Y+PxHx2I+OwnxuE+NwHxuA+Mw/c+Lwfc+Lw/c+Lwfc+KwfuPicH7hanD+4y/4mX+R/J31X031XtZZfRe1lllllllllstlsTZn/AMTJ/PTfS/8AYoz/AOJP+fafylHpyGmtoQchwih/Lo1H+G//AGH7L9hdcYSk+yIaPLL6EOGZGLhTJcKl9hcMkvofByX/ABMuiuPg+Fkn4JtQ7Ibvan7d+2jU/wCJ/wDrrW76b61CT+hHT5JfQwcNnLyjBw6EKsjihFeBJbUihxQ8cX9Ceng4ukZtBLmdI+Al9haE+BiT0PYyYXBlfJo1X+Gv5H1Ldv2UmYdJkyPwYOEvs5Ihw7GiOmxR+gopLsvZocUx44/YeFMWCKMmKPK6RrY0/BKL+xXyKEat1pI/z7T9iGOU3SNHw66ckY8EMapL5KjJpceR20ZuHQkuyM3DpR8IyY3B0/ktb/jQ/n5HDp55H2Ro9AopNoUUkkvlpxtHEcVStL5LWf42MfRZYtr6kjTaWWSSNLpI44oXy7RqtNHJE1Onljk+3yCNaq0+PrXsafD6k0aXTqCXYXuPpXsNGs0ynF9jNicJNe+jX/2cY9n7a7s4bgtp0JUveooa2TL9hq1RxLBFW0h+8jiH9vEPoXXe2kwPJkiafDHHBJLoordMT6HstmPZezxO1FkvPuoRxH9GL+NnvXQ+hHCsPhte2uihbvZCfscSjeJkvPuoRxH9GL+Cy90/Y0uF5ciRpcPpQS+SvZ7IXXqkniZnVZH7yOJeMX/qNdN73ujhekpKb9m/YfQyhIrrzq4M1cayy91COIvvD+BvqQ+jS4ufIkYMax44pe0he4tmy+mStNHEcDhkb95HEu04fwN72MXSjheJOSYvHtJexRRXRY0LpZxTHcG6H591HE3eVfx0PahLoRwlq0heylvRysramcrOSRyS+xysoopnKyitn0a5J45GT9T6V1rbiLfrL+Nnut73Rwtv1ELx0vdeSMWyGBs+HORIUUz00LHA5YnLEqJyxOSJyRPTielE9FGTG116xXikZlU37qOIpPNs97Fs90cKjc0xeOujFi5mRhFCGcrbKSHIsTEyyyy+iaTMka6tT/bkaj+5L3EI4h/fZe9dtk9r3ZwzNyySIO0hC6YRtohGlstpyobb2XWhbMywdD6dfl5MbMkuaTfuo1395jLE1RYyxtkXaGWI0mRQyKzBNSgmhPpRgh9TlZyi7DZLZC9lbSVoyRplFb8VzW+VD91Guf8AWkMZF7WWXbFR9NkRdM4ZNvErZYnukYsVkYpFjY2WSey6WMsTLE982Ma3zS5INmsyc+WXvI1r/ryG2N9iA+wmKqL2vtshSOF6lR/K2RdqxC2wY+amQhS2bHI5hyG9l1MbOYUxTIysQ42jLGmPbXzUcTMjuT95GtdamZKXdElZHsWvqOf2L7C7sbK7CE0MwZWpJWaKfNhjbKEQjzOjDBRitmyTGSL2QmJHKcpQyTHsrERbIPbNC0SVDOK5VVDff3ka5N6mR/yOa5EldEtk6RFUrPL3+pIi2mmcJ1TbjFsQjTK5C2kOJyjgLGj0kegxYpEYtbPZwbHhbFgX1PTiOCORCgRVbTVozKmZZKMG2a/Nz5H76NRNvPNsteRi2RQk2hdjyNbwRwu/iopHI1GLEaaPa+ihk8iR6pDI7IO0JIaHshLbNl5T1mLKQakciorZ+DOvzGuTWmkzJK5N++jVy/rT/kvsRZ9HshMtkpWiDtbNbRZwZXrYnInBDhUqMEagt1tIlh72Rwo9JEI8ons9khMsni5nY8I8RDHQvA980FZxWSjpJD9tdEfJni555pK3zGbH6bSYqFVji6trotoUhbNDRwWajrI2QdwQ1/VRBVHovet1s9l01tZe+c49qPycifyESEuXUSk033NS3PI21Rp8UmnLktGHTOeR3Gu/gngTg00Tgo2n52i1VClB2cirsKNbLbQS5dVja+5gleGD/wCiKuYvA97L6Vs9lvZe7l0aj9JxeblqJL5CJHQ6jnk1G7fkzaOXJ+Y06WHF2RmyKD5lSMWWORumahN5pifkbZhxyknJdkVQnNy35kYZqOWEr/5I0GTm08f4Mbbzldh7MsTLOYTELZsQtpDZzHMORYnvqP0M4m7zz/n5CPkjLFCEvHY1mvtTSflsx8RqFOPc1Od5JJmPK4O0POpSbo7VtgnOKdeBS/O2y7Yo1LyOadopMg3zRf2Zwqd6aL/6Rhj+e9mNDQyyxCIrZskzmIvZkhl7IQttV/bZxH+9LqXtR8mPV5XkcHJ8rZnwtz/KrJRlD9SaG7H4EM5Lja8mPsqfkUUdkRvmYkk2UQhRwPUxliULMPk+mzGS3SIREtmTT2j4FtOJJboiJFGr/RI4lFrM/kI+RaKT1PKjTcJhHHzS80cbUFyRS7pkSu44opidJDgnPmsTk5FioURoRwfO8epSvszTZL5SL7byJbJEULx0NWUJnYsZOJRQkRQttW/ys4p/dY/fiafRxjmlKUTPzejPl80cQxuTlKX0TLLssTTGd2iJYl0aafJmg7+pocqnjg0YpXFbtEkcooijtYn03shxscRRFES2ZrH2OJO8r+Qj52fg4vpJtSmkTi4yExsWy7kU11fVHBtTcFFmmyduho5RRKK3raiiihIocRRKK2lKka3L+WTNbPmyv5CPnZnGNRBYJIm7k9lsjwRdosvZCPqcKlUkaWb7EHa6FvRRy9a2fTnlSNfOsbM7ub6Hsvaj52l4OOuLjGNdzLGUJ0xSxrlTfkaSsYtkrQl0JFHDHU0ad+GYpWkIrdb2WWWWWJlll9LNRM4jNKJldzfyEfO0r5XRxfUz+IWOSo0s9PLM1nSaStWcRjplqn6P6SMm9vC7iSF1fU0U+WaNNNSgjT5HaQvHS+jlZyM5Gcr2ey6GZZ0jNPs2cTz22h/IQXdbSkops/8AkGrx5NYuT/iqbLcmxu2Y/wBQlQ1aFKK7C3brdGCdSRw3JzRMTpoxyuK67E0Wi9mN9TJGeRxDPyYmZsrnJ/Iw8olJRTbZHjcfWzqTuKujXZHmzzzfSbdIhJKPdkO8mY4UNbcpHZsSt7MRHscJzJeWY5eDBK0Ji3fQmJlkn0pbMyOkZ5pWzimptuKY/kYeUca4zp1oOTHlbnOPZo5sjhJpu2i+aUbZkxu1Rihyu9nG2irK2+my6EzR5GpKjS5FLGu5p8vK0KaaQvG7H0vdCKEtpGfIcR1HJjZnm5yb+Sh+pEk2QnkjVPwenclJnLL1E/oKpNkLV30VtW/13hJxOG62mk2QlaTRhyW0mRdrZbNFbUUNFFCEIrbPkpEu5xHTTyVQuEzflD4TJLwZ9LPG/A/fh+pDatKiMShxbRCLiJXstmLatqFsot+EaPT5fUj2fkxYpLHH+CHZmLJ2LHKj1TmT35kj1Y/c9RM5kcyOdCkJlk5pIyNyZGBlgikNI1eljOL7GqxenN+/D9SOX897Tk4wtLuR5nG2LwJb0ULq0+F5ZpGl4XBJNo0+lxQaqIoKieNpkG0RnaG7GOTQszHnY8smczOdnqSPUZGTZC7ExypGSVsULOUzQbRWzSaOKabu2kOEl9PdRDyiNsVPwUmNdhCJKxdaTZj02Sb8HDtDKE02iMaMMHdkY9iULHjoXYvZwseKQ8cjkl9jll9jkkcrFFsx4hJIskxREtpRsnhTJxoZmxqfZoycPxyXgzcMmrpE9JOP0Y4SRXtQ/UihJIraiulFEME5fQxcNyS7tGn4ZFNcyMejxw8RRiw/ZEdOiMKEihxHAa2i9kkzkj9j04/Y9OP2HjiKCX06Ut2hozQJktqRPDCXlIzcOxz8Gbhs4+ET0+SP0HFr2IfqXU+jHhlPwjDwzJKrRi4TFVdGPR4oLwKKXhCSEvBgguVMrZbUcpKFkotMRYmxSOc5i+pLoozeDJ5HvRQ0mT08JeYoy8Oi/BPhs19CekyR+g4SXlFbox/qRy70fUoSZiwZJ/Q0/CnOnJGn0OPEKKXhboS7j8RMH6F7FIcEOBQkyimVvXsamSSJyt+xRyolijLyjJoMcr7GThcvoZNDlj9CWGcfKGqMf6kVvQsUn9DDock/oYeFJVZi0mLH4QkkUVuhH0Rpn+Xpva+ihe5ZZqp2x9dFFFFFDgjJpoTXeJqeHNN8p6E4TVraiGCc/CNLw1vvIhocUV+khijBUkV1oRFmm2sXTZZZfRZZZZe9jZZknUTI7fv0OKZLTwk+6MWlyZGkkYOF+HIx6THFfpRGCiuyKEt66kRlTNNJPaxMsfXZZZfXZe2onfYfyUMEIVSEivbW+LI4SITU42XspF9Fl7XvZZfXlyKKZOdsfyVCRXv6fK06E73vayyyyyyyyyyyyy98mZRJycvlK+RTMOdUkxNPxtZzFjZZzFllllllll75My8IlK2N/wCmsxZ3FojOMlae9llll7X1vJGPlmTM34Gxv/UWRyOJHU/cjnjJ+3aSJZ4olnbHKyy/9VZYmQzSihaj7izRFODLh9xzgj1oDzoednryHNvyyx/7C902czG2WWX/AOMLqf8Atl/5qv8AeLZrqYv9ohr/AHcdpef9Wy9uY5vbiIkvesv5a9nvbJIpiizltigyvaQvA90OPYbOYkmopmK5JlvmoaKZHam2d0xLtY2cx9BsTsbLExl73tYtu4mySFC0KNEhbfUkJqvA2Lszm9tISJDEI8ozRUSEE6M6pJGFVCRjX9UyeS1tX5SLqVDimNVAjTbs5YkkencbIJ85OPcljdWY1bJLuemxRY0ODRBDWz8GPwyvzEvCE6LGxbvpbL9mC2l5GIRF9zUeTH9DP5E2lRj/AF2ZO7eyZGSqmZIU7RGTJfoR3RCXcmQaqhJWT8jf5UQXcn5FMsfku0jshvuWN2iHhn1GV0oY92V7UNmhiLojK2jL3keJxMjuRXYgu4/I0UeC7g0xKpEn+WOyX5iS2T7okrY1Quw1Y0QY/ImPdeBbX0ooY9mjlftx3YjIqoj5Rk/UV3Qx/pREdlsY1aO4kS8bY2myXkYvJ9SW9WJV1pdKO3Q973XsLeRHyTVxQiT7iGXaostbptb3tdCmpLuOuixu9rL6UWP2LL3e66F0R3kLyJ9iSaGxMsT+TT6KK6X7VFCXsx3lshk47r3K6HvQl7VbUUUUV70d5C3Y0vZooo5WUUUVtTKYoiQzuU9q9mxsbZbL377LddMd5C87MbLLL2vey2WWWzmZzHOc5znPH7HqYznxHPjPUgerA9WH2PWj+0czmLLL2fRTZy9hoaFukUJFdSQt/wD/xAA1EAACAgECBAUEAQQDAAEFAAAAAQIRAxASBBMhMSAwMkBQFCJBUTMFFVJgQmFxIyQ0Q4CR/9oACAEBAAE/AuO/iZjRtNqNqNpsNhsNhyzlnLOWcs2Gxm2X7Kn+z/5P2zdl/wAmczN/kznZv2fUZ/2fVZ/2fWZz63KfXZP0fXz/AMT+4S/R/cf+j+4/9H9xif3GAv6hD9n9wx/5H1+P9n12P/I+sh/kfVQ/yPqofs+pj+z6iP7OejnI5yOajmnNRzUcxHMRvRvRvRuNxuNxZZZZZfzHH/xMxeyooooo2m02m02I2I2I2HLOWcs5ZyzlnLNhsZUv2ff/AJMvJ/kzdl/yOZm/yOdn/Z9Rn/Z9TmPqsx9XmPrcp9fk/R9fP9H9wkf3Bn9xF/UT+4I/uET6+J9fjProfs+uh+z62H7PrIfs+rh/kfVw/wAj6qP+SPqY/s+oj+z6hfs+oj+znr9nORzl+znI5yOajmo5qOYjmI5qOYjmI3o3o3o3G43I3G43I3I3G4sssssssssssvy/6h/EzF8XRRRRRtNptNqNpsNhsOWcs5ZyzlnLOWcs2Gxm1m2X7Kl+z7/2ff8AsvJ+zdk/Zvy/s5mX/I5ub9nOzfs5+Y+pzH1OY+qzH1eU+syn1uQ+tyH10/0fXT/R9c/0fXs/uH/R9f8A9H15/cP+j+4I/uCP7gj+4QPr4n18D6+B9fA+uh+z66H7Pr4fs+vh/kfXY/2fXY/8j62H+R9bD/I+tx/5H1kP2fWQ/Z9ZD9n1kP8AI+sx/wCR9bj/AGfWQ/yPrIf5H1kP2f1DpBmL/R6KKKKKKKKNptNptNptNptRsRsRsRsRsNhsNhsOWcs5ZyzlnLOWcs5ZyzlnLOWcs2HLOWbDlmw2M2H9R/jZh/3f+pfxsw/7v/Uv4zD/ALv/AFP0GH/d/wCp+kw/6NfyP9T9Ji+dssvw38n/AFP0mLt8rZuNxuNxuNxuLLNwpaWXpXyX9U7GLt8k2bx5DmHMOYbzecw3m83G4sUhTNwvlP6p2MXb5ByHMcy/OsTIyLLLNxuNxuNxfxf9T7IxdvjLNxvHkHMv2SZvN5vNxZZZuNwpfFf1P8GLt8TuHM5hvHI3e2vWyyyyxMixfE/1P8GLt8O5Esg8huL+CiJl/Ef1PujH2+FbJTJTL+FTo5hzBTNxfwv9S9UTH2+Ecicxvz35C9nYpimRl8J/UvXEx9vg5SJTL8+/JXtoMXwf9R/kgY+3wLZKZKZfvb9lEi/g/wCofyoh2+AbJzG/MvzKKK9umQkJ/Bcf/MiHb37ZKQ/dL3KZCQn8Dx38xDt75skx+4vVav28WQkL4Djv5yHb302WSrw17de6jIhL4Djv5yHb3smSel+4oorWy/A/awkRfv8AjP52R7e9mx+K/aLyL1oaK9lEh7/i/wD7hke3vJMkx+Rfsk9X4lq/Zox+/wCK/nI9vdsnIflX4qKKK8hC0Y/DHVr2aMfv+J/nZHt7uRN6PzkLV+TZY/GmXo/Z4vf8R/OxdvdzZLzr0TLL1ryr8a8Nexxi99n/AJ2R7e6bJy8Na0UUV49xuYpav2N+1xsj77N/OyPb3WSQ34F7G9X5VeNFezh3Ie+y/wA8he5kzI/Ffivw0V4kUNeVXiRY2WWX58e5D30/55C9zkl7JIofhTL0fjXlX7JGP30v5pf+i9xJk37FavxWX5C0r3SMb99L+WX/AKL3GRj9itX56F5b1SGvNxyIv3r/AJZf++4bMj9ktX7Gy/KrSOj8xGN+9/8Ayy/99xIn5j8KWtl+bRXnJDjpfnY/ex9b/wDfcTJ+xsv2deXRHSS8/GL3kfW/cSJrV+YvKRRRRXhooooo2laNFeBCRWjH52MXvIr7n/77hk/NRXk7TYbBYzkjxDgbRY2LEzks5RyTlHKOSck5RyjlnLOUcs5ZsFE2jGV52Mj7yNbn7hmTw15Fl+LaKAoHLFjI4bI4BwSJxRy7Fw5HhhYDko5JyTknJOUco5RyTknJ/wCjknKOUco2G0lEcTaNebAj7zH39wyWiK8yyy9IxFjFjFA2EMYopDdEpChZHCLGbTaUUUbSijabTabTYbRwNhKJsHAcB4xwJRGvMiQ95H1e4l2GPRsvV+UiMCOIWM2CiJaOZbYoWRgbfYUNDRtHE2jiSiTRJeZEh7zH38uvNkNdR6PzscDHjFA2lFaWKJDGKPtGtKKGiUTIiSK8uCI+8xe4ZND0fmwiY4EYlFaSekYkYCXuaGjJEnEa8vGhe8x+fQ/JyaMeleVFGKJBC0sctIwFES92yaJxJIfkx7kF73H56H5MkSVaNeBIfiSIoxkZCmbyxKyMBL3rJImiaJeTjQve4vCh+W/JmPStV2GUPVEYkcYoCR1IwsUBRK98xk0ZETXkIxr32LwoftMg9WvC9YwIQFE2CghQQkV8CySJxMsCXjiiC99j8KK9g/BNDEUNasvWKsxQIwK0Wi91ZZZZZZejGMyQMsfHjI++x+FIeqH7Bk4nY3aUWPrpDsSiYsZjhQlqtLNxuNxuNxuNxuLLL8myyyzcbzmI5hzR5jnI5pzRTL1kjNAkvFjQvfYu2tCPwPw157GjIumikPwRkRVmOAl4LNyJZTnHOOcc455zjnCyo5hzDmI3m83Fllm4chzOYc056HxCJcQfUHPHnZzX+zms5xzSOYjkReuSBlh4UY/f4dEPtpelaUVo9XpXlSMg/FBdTDEgvA50PKSysc2y2bmb2b2b2cxnNOcxcQc854s4spGZuNxuHMcxzHMlkHlZzDcy9OpTKZTNrOoptEMhF6NGaJJdfBFEF7/GtWJDWi7eF+CI35TROJJeLGjFES1nIk2Uzl2ck5JyDkHJHhHBleGyMiDLL0kSZZIkNFG0jjFhOQLhz6c5ByR4R4Tl0Q1yrozKuvgxoXv8UbiS6OhHL6FUPyEPSPRkn5ckTiNaXpEwxsxqvBKJyzlmw2m02opDodDHE2Gw2Gw2EYkIiRQkOJOBQ0bDYbRRIpEWhNC0oo2m0cDaVpkXQzrVIgvgIqlRP1PTH6TNV6URhY1TorwWPV+ZNDiNawMKIrwUUVo5HMHlHnHnHmOab/AkbBQIxNpRRRKI4DiNa2cw5ws5HOLMcwUy9a1mZ0PSMSK+AU7HpGTWsSE/wZfUJj1xQT6szR2vp20vzYw3GXF+iQ9Mfcwoj4mycyWQ3s6slFjGIhFs2MoSEhCQl4WSGhoo2GSHQleishZ1QpsWUhkE/DIzoZFEY9PgcYh6Vrj7mTwbWzHNRW2SMs91JditEiS8vF2MkbRlx0PTGupiXQXhZJkrZKIkzHAnBUZMbs5bI42YsZt6DiKJtEhC8LGUOI4iiTh0MmI5bFjZixkoElWkGyDF4GZ0PuYoldPgcUeh+SrRtZ+NNvQTobvSEbJxogrSMlb3qo2VRN35eEoywVGaNPTDExqhLwsaNpyzk0JFDxWckWIUdNoo+BeF6UUbSih40clCwoUaKJYzlCgRiLwMzol3MESXb4H0SKIdiSob0j6ehNU9cb/BkISJdyMbJRog1RkfSkdfLwdtMnYz9WUYERF46EMrxUUV5tFeGiijabSvCzKiS+4w9jJ8DLr1MS3Mlj2Im/xootkeiJGPFZmhtkR7kuxGJKJjfQySRYh9vJvTC+2mRGYj3MCF5NFFFeCiivPoorwUUUUV4WZCa+4xy6E31+B/BwnrOKyKGOvyyyNWKKpdDJSyNCjfUgZsblXQUPuocVtL6jdku+tm7xV4cUupE22cWupgScuv4IdY2R8yiiivaUUVpRXkMyGXuQfT4KL6GOMkZoSlWmJdRRkSxPd1McF2ElCYzItvcUr7GSKFKjuUbFQ415D8EPUR7D7HF9TC6ZDrEXw1FeSyZmI/BY4beh9serIfdJmbGvwjDFV1ImWmrI5dMbdmf9EOjJ9FpjiSSFKh2+o9FEaryF3MfYkZI7xY430IfIskZiPwUleSkupHhW+siOJxyMzR6djCjLuh2IytGaWxkc0ehFnEy6V+SK/LG+ooXZ6WXZtQscIJOrs4nFy5quz0TRJ+GjbpGJjJ9iTplx/BAXyDJGYj8Fw+OpO+9lE51nM8/wD42cNm/DJdkSkldGWMmJ0Y8l/+k6e39i7Mkn3Iyi40yTs7HWjFn6U0Z5b3dElT1iS7aLS9EYh+kz2pECIvZPzULz2MkZiIvgdyWQcuhly//UslPdaLp9Dn5L7iyok+nRjIunY5M5kvyzour7aRX7Gup07lsWR0Pq70eqj4Nv5LINxPwcUupj7kNF7F+checxkzMRF8DLM3PdYs88iolB/c/wBG5+KJJLwKUV3RusfbS9L0guhNUy/B+D/kY+supuo4mVtmIgxPRee34l4H4l5zGTMxAXwNGLpRkdiwtk+Gaja6m1ruitYtobW3/vStGJ0eroiWPb4YS6UT8aysvoZiBAQvOY/A5G9CkJ62Nlll6oXmsZMysh3F8C8f22KzFjlJkMVI2pGf1S0ZCrJdY3+ixdxKHYl3dD0wtdTI0o7SKJLW/JizMRZjYhec/BKRPIznMx5iEiyxslIlM5hHIXqvMYyRkZlIdxfA5I/YY42YMaKMklG7Mzub8Dk5DTWnMZfhTJO/MiZRGNiELzX4JIeOx4COKiJZejVjxjgRiRWq81kjIzIQ7i+By+kwYftVEY0ZMm1GSblZPG11K1gifSKX58KVjWj8F+Vk0xsiIXsWiiivHQkLzXoxkmZGSMYvgc0DBBx76ZY7okl+ye2MHXjrVJUSfgXmTPyQIsixe5sssXsGSJsyMZjF8DJX4OIj+Sf5Hq/E34H5syXciQZFi8u9bLLLLLLNxuNxuNxuLExMsssvy2SJsyPTGvg5CGZU5NHEY0iivIVDWl+dIZHuRIkReTZZY5HMN5uLHpZYtHotLNxvN5vLLL8hsbJsmybF3IfCy7H5OK7SH5N+xkSIdyPQiyLELyGyxyJTNwmLWjabDabRwNhtGihjZzCOQjITF42MZNk2MiR+Fn2HKjPksl5j86RIh3EyLExMT8hjJMlLqJkRarxvVkiRAgRF42NkmTZPSBH4WXY2KupxCqTHpjhvlRshKDpVtOXKUb8lD8yRPTeRkRYharwtEkTQ4EcZGIkUUJFeKiiihxHiFjIxIi8bGyTJMlpAj8NL0ma5SaOT03My9GY5bZWczcqqrK+6NdqMnXJL2rJ6xZFkWJi0XhYzabDYUJCRRtKKNptKKKKKGijabSheQ2SZJkmS0ghfDT7E2KaSMfD817n2OI4Tl3KP/wDC+hul+x+1ZPWJFkWR1XheteBedXjY9GxskyTJPREF8PmuJJ26J4ly3XcwZobKbM+ZU6ej8MIr1MyJKq9jLSxMiyLIsssWi8uzcbjebzebzebi/LesmNkpEmS0giPw+T0svbMlkSbkKTQnerXghOkTlufsZDJaIiJi0jovJrXcOY8hvOYKYpCelFeQxvSTGxskxvSJGPxGab7E31G9F20Uf++pJ+FJfkca8joPxskiWiIkWR0QvLocRxHEcWbWbRRFEURRK8mWsmNjJD0xoXw0su2VCdo4lj7oyNOP/mi0bXfVD0TL8VabvIZMl30REgIQhebQ4jibDaKIkV4H45DGxvSRNjIogvhmZZuWZojL7ehNtz6k+nfsSdmzoRol38FPyunlyJResSAiGiF5zKKEvNYxjGyTJPTHES+EYnZxM3GPQlk/IsvQsyTfXqJn40lqu/jQ/OY+hl/GiYpdSLIMvReJeWvNYxjJMkxkUQXwrI5ouJxPEWqIffLqNb8faqLvoThS79dNxfhvxIfnNEiWlkWRZFm4TLLLLL0XlrwX4rL0YxkmTY3pjQvhWc5taQdSsWV/nsKdScic7IdzJ+9enuWiUSS0RGRGRYmJllliYpCZelllllllliZZZZZZetll6MZJkpEnpFETcb0bzcX8JZvl+9U6HK0IZZXuWicRrREGJrSyxyNxuFIUiyyyyzcORuNxuFI3G4s3G43G4cjcWWWNjZNknokJDZzDmHMOYRmKXwL6Ohprv4ojY9L8hD9jJEoDWkWQkJ6WMsTFIUjebjcbhyN45G83m8UzebjcOZvNxuHMsTLLLJSJMYkRibTJ4UyEiL+AfXI2Sf29fHflV7GxzN1lE46IiRZZetm4UxTN4pm8czmDmOZvFM3imcw3jmbzeOZuExF6NkmN6QiRgNdDL4osgxe/iPwJWOFe7bHMeQ3kJdSPYlEnHRCZZejJLSzcbxTN5vN5vNxuNxvNxvNxuNxuL0j4GyT0UTHASJIzIfhTISIv3zEPVkKJvR+Gn7SciUi9Mfcx9iiUCUNLEyxaMetllll+Kyy/CkR1bJPSMSMCMdJGREoFeGBFl++rw3oh+J+ybMj8GLuYuxQ0SgShrYmWPRoa89CQkLWxsYkRiRjqyRKBLGOPgjpuNwpFl+5Z+NMccf8AyV2TVSa8CH7WzcOY5knpQsZjgQWtEoEoDjovDRtNg4G02m02m02m0ooooUSvHRGBGJWrGUSiTiPWPgs3Ckbi/bsvSOSl2G7d+Ky/YWbjcOQ5FjeixsjiFjIojpWlEokojWtl+GjabDYbDYbDYbDabTb5CRGBGIl4GPRoyIYiheKxMsUjcX7R+5chzHMssbL0ohiFjKK0j4WhxJRKH4Fpfs4xFAURLwvWjIiRHy7LFI3G4v2L8yvK3DmOY5F+B6QxNkcQoleBC8LQ4kokojXgvWyyyyyyyy/AvBGJGIl434MhMXn2KRuNxfnMrp7NyHMci/AvBCNyIY+htK1eiF43EcCUCUSvHZZZZuLL1S1ojEjES8h+DIS9nZZuNxZflMTOnjXi6aWbzcTfXy8C+4jH7RrqV4ULw1pRQ4ksY4G0rzEhIoo2igKJXmSMo/b2Wbiy/G9L81yHIciy/MwdyC+0mvGvHWtDiOA4G02m0oo2lFFFG0URIooSEvMooyGQfu7LNxfgfmWbjcN+ww+oxO4mTxoXjooooo2jgOA4Gw2m02m02mw2G0USiitEivMysn8BZfl2bhyL9nB/ccPIl4KK8uiitKKKNpsNhsNhsNhtNptKKKKK81mVkvgrL8djkX7ZHDz9nRRRRRRRRRRRRRRRRRRRXl1pMysfxFll+W/OxSpkJ2i9aKK8+iiiiiiiiiiiiiivLoooZlZN/CPWxv3iZiyCkJ60UV51aUUVpRRRRRRRRXnSZmkSfwtl+/izHMgxa0V7KiiivY1qzLMySH8N3Oq9/ExyIvw18RkmZZjfwr1m+3v7ITMcxeCivhWzJlMmUlK/h7L+BTMeQxyE/iGzLlMmUb+SfuYsxZCEvh5Soy5TJkG/iH8LCVEMpHKhP4SU0jLmJ5Bv4l/CpinRDMzHmIy+BbJ5TLmJ5LL+KfxEMlGLKRl76yWQyZyeYcr+MfxMJ0Y85HMhZEbkX7dyQ8qHnJ8Qv2Szksll/Gv4mzcRzC4h/sjxBDOhZEy/ZWOSJ5ifEE+IY8z/AGObL8i/h38bYsjRj4ghnQspzEbkX4rLRuRvQ8o85zz6j/sfEk+IJ57/ACOd+W9F8M/j0xZWhZ2LiSPEi4k+oRz0c85yJZ0PiT6n/s+pHxA+IY8zOazmM5jNz+VfyNliZvZzWc1nNZz2PMxzZuNxftF8O/mb+ff+oL4h+Ov9xf8AvD85/HX/APpY/wDeH/vD/wB1vV/7stH5K/21aPyV/tqYh+Sv9oer1XlL/a3rHyH/ALc9I/7wvJX+prHJnJn+jlTHjl7d6R8lf6PXgjhkyUHEjG2Q4a0fSI+lRlw0hLqYcarscpHJiZcSoyKn7RjHovJXmUUV4qZXxai3+DlyORIeBrXBhtGbF0HpjVyMcOhxMDCvvMceh0LRnkj/AJGH0kpUc5GTMqMrt+2ei0XjQkcuRsl+hxa0jw8mTxbSKtkeFtWZMe0xQ3MjwkaPpIn0iM2BJD0oxcNuFwqJcKqMuFwekMe4+kkfTTPp5koNe5Ss5Mx45L8eDHw8pH0i/Rk4ZrsNUyKMGJV2OUjlozKNE+4u5w6+04hdCXfTF6jF6TijD6zH2M+Sh8QSytkfUYfScQ6RLIx5GP2rHpHReJHDYFIXDx/RyI/o5C/RxONJGNXJGLGtpxcTDG5igtpxfc4WP3CXQbRvicRNUPvpw+LcyEEhySO5xOPoM4SJsNiOWjiYdB9zFgcyPCR/Q+Fj+jNgcNIYt59Ix8LL9MeKS/A1ok2cuX6Nkv0bJfo2teDaytIQc2YOGSRyUZca2mRddOGw7nZGCSOhKFo4nHRDuYPSSlRLiDLmsbI9zB6TiexLvph9Rj9JxRh9RDscWPTH6jD6TiE2icJX2Gn7ZjekdFq9YHCNUJrSWRI4nImYPWiHpOMZwy+4/wCJxL+44NdRvoZs9MfEE8l6I4RdCXYyZfuMWfoZstofc4RDfQlno+pRmy7jHHdIw46SOiOjM+NOLJxqRwkTYjYiWFfo4jh67acLjsWFUchfo5ETiMVLTHj3Mx8LFLsfToycKv0ZMbi+xgpGKSG6RnzE3bF3OFj9pkltRHN9xHqji10Ieswek4l9GSk7G9IdzB6TiexLvpi9SMfpOKMPrIdjLh3D4ZE40yHcwekcbHhRxGOvbSY9I6LV6xMWSjhsu4/BxOTqSlZwvrF2OL7nCLqT9Jm9ZwaMnpM7+5+BHCMl2OJTUze0ObYu5wqMnpMs/uN7LOFX3C7HEZdpw+TcT9Jn9bOE7DdIef7iEtxxEftJr7jg9JZkj6iJnzWfk4XGqOiOcro7o4uApUcLJmaVRMs7eke5wy+1HE+kxetEOxxZH1GH0nEJtDwyGq0h3MHpOJ7Eu+mH1GP0nFGFfeQ7DJuNGXrIS6nD+lDlQ8yozvcKFn059OPFQ17BktY6LVj0iI4Ml6TiX92nBrqfg4jDJyOGxOJk9Jk9Zwi6IkrRPhU2Z8OzRoTOGyUxO0cRh3InFxdaR7nDr7TKuhkwTslGUe+nBo/4nEv7jhZpE80dpmdyOE7GT0k5fecN6TiPST9RwnYm+hnyPccx/scmyHqRw/pRndIWR7zHL7TipWM4Q4iX2ku+kO6OH9JxPYxfyEOxxfYh6jB6RxMkFROPU5Jsow9jiTaKBCNMx+lHEGP1kPSZp0PLZ3GcP2M/YsfUSSE1pkJewkPREdFqx6IRwZP0mbrIpnBrTajaZ39pX3HDL7Vo6OJpmw2EcbI4q6mDL+GPqcTgtWbCMfuRg7FDgcVjR1ODRPscS/uIzoeZl2zhV9pm9JKLczAqicR6SXc4TsZF9pnxT3DhJaQ7mD0nFekupEc/QyZdx1OF7HEspiRCLUkYPScT2MS+8h2OKIx+4welE50ZJnc/GmH0nE9tELuY+xxJB/cQ9JxGiJM4f0mfsX1NxuISH2JMl7CQ9FpYtWMQkJHB9jL6SMOpmxKjhFo8pGVnEGxGHpEyzoeQrcTgJCpG7pphyWjIriZVUjH6kYuxOdHNZ6mZ8So4RGT0mXGmxwRGFnJo4b0jVnJV9hKjiJ3aOXKzhlS0eM4jF0JRMa+5GH0nE9iWmLGmPBEhGkZu5ssxcOSxGLscT2Ma6oj2OKI90YvSjPIbsRQzF2OIRtn+ipIi/uMfY4kh6kY+xxAtJHDeklGzkr9EsKrsTVMxkmMl7CWq1Xg2tkOFHipCRwpnf2mIzdjhUTf2slIw9jiGJ9UY+xxDN5GaG70xrdI5PQfRmB9R+kzq5GGP3kOxmYmRRxHY4VdDJ2MqIYNw8G0/Bw/YlKiM0yfYXWY8aoxqiUqOZZmuRHCSitxi9JxHUeOz6euph6PRLoZfUY4EEZOxjOJMXdEexxJGBj9Jn7laJn5Rh9JKFnKRngqF6jF6TiiPqMb6I4nSxs4fKkjnI5kSWRUZOrIRJCMnsJaLwLwYY9SEVtJ1Y40cMZ+xi7mZnD9jM6iWYfScSzH1kQ7HEY3I+nyEscokGSXQwes/BmwtvoYMVE3URqzEvvF2M0ZFTFkkjJks4fsZOxKVswx6GZIZh9Jn7GGT3EvSdsh+CJmf2mHqyiZLuYvSZO5GKsyR+0guui7GX1kXSI5Cc+hiM0NyMWJpnZGZ3ITIekzdyhrXFlVUc5DzGbJZ+THmdGadi7kc3QyZLZu02keh9xvaN16X0G9MnsH4o+DCL0kn9w+xwxxDE6JyswdjiX0E/vMfpOKMHrI9hpG1HEpbSC6m3oemRiyJopHRGbIb1Rh9YijYjNAZws+hJWfTq7IqkZOrJqjF6TMQ6M/Bl6TFL7SBn9JGcos+oZzrH3MfYyxdmONGd9DEj8n4M3qIssbswz6nRlIyT/BQ4kZ0iZY3oxSaNzNxJ6Jm2xqi9YiEy+g3oh9tEZfYS8S8GIj6ScOo2YGjO9H3MM/tOIlYvUQy/aZpWyDpkc3Q5w8pkyWQQo9DLjIWjnNDzdD1DxMi9rI5XQshzDJciaaMTcWQypm5DZRlRj9Jl7lEOxxBjf2kCSseJEsKJrbISZhn+CiUlFE1KRFNG7qbvtMnVkUbSRdEeIOe/wBnME0MbJSG9EUUdhyHol1PwSQ1WqEyzcIaEWOBdGR+wl4l4ITMMriTJEJ0Sdm6jcRmSnZRFiVk411LYhvROiOYc4lonIQhzQ11I2iIyxwTHjNrRcyGjhYo0ONs2lGSG4jjpC6G83E5ko7pEIKiUaIyZRGI0OPUl2NoqQ5olIellkWWOQ9K0vSXhTPwT8VikJWbdZEvYPxLwRMOQb029REkPoQJWR0xMn1QkfnSMUZehEbLNrEmtGIsx9iTHMxjibRR0WktE+ulFFG02k4lULJRusSEtJS6iRKq0yNihaHjej0hCzaTaHLWyyxSHKzaVoyOjRWi0ekYiIkh9ibH7CXiXhwvqfgxocBx0lCyMKJRFAZBlkSSGcyhvcRJRekR9hOhldBEJDaIrqVRzBSGxSLL8EfE0TgbCMaIosbNvUomuojJ1ZB0iRJdSiiMqJZByGRNvQkUbStE+g2JjNpZYx6WNkILRsjkHIlMbH7B+JeHG6IzISN9lEo9db0n3ISIrSXYkxRKI1ZOqErNvQl0eijY+wojbRC2jHF2NWcsUaH2I3Yhs3HOLsTL8VGxG3RjY5M3SESbos3G7oSqx61rFm4ZZelaU2baEMrqSovwJIVEpC66y9k/EvDEgyLEQZLS0dBkxMxzGyxxsj0J9DmDnZFkZEhEXokSh1MaExPWREnKjc2NvTdRjyW/JbHkRLKR6iibR9BtD/6KGhllke430GUVo3qpDmbxZCWQ3m85g52WWWWbjczcKRuNw37J+JeFERSIyE6OaSZbN2lWcsXTRsvSZQkJF0LqjsLrr+RPWzdRLIRyD6i6DkiHUnjtGGEkxeJyo3kpkrEmYxaZOw2JEn1HIbLLNw2bjcOZvLLNxfgUbFiHhNhsZGBsRy0ctHLFiOSjknKRyh4xwK9g/EtXomJiZjkOSoc+opkqo3Cmbzmjmcw5hzDmHNN4pnMHMhlollsWQ5xzjmnOI5z6g56JZjmCyI5o5qjcYyPiscxzHMsirNqFRaNyMuRUPItxzlQ8hvRKRuNxZfgo2Gw2lFaJEYkcbFBDxjwsWJm0RWv58DijYjJEfny8S1eqLFI3sss3llsaetMplGwa0UTYV1OW/wADi1pGLZsYoSZy5HUUZM+5FyLZuZuZuZuI5WhcQfVC4o+qPqkfUolxRzx5zmnNFno+pPqGfUn1D/ZLM2Wyp/oakdTaxooo2mwjGzYihFFD0SIwIYzojei1q0KJI3HUiiQ2bzeWT9JPz5eJavVCsUGLH0HiGhRNgsZsVEo9SMDbQ0bDaNG0jBm2iSIWSj0NhFUJEYEkjlplUNGw5IsP/RyaOWPF17H03QWIXDNj4eR9PM5EzlZB4chyMh9PMXCs+lPpX+xcMLhV+z6ZDwI5SOWv0SRtsWFE40LHuOXtNlmxIkRNwxOjcWMiiMRUjmIlksSsSNxuFpIUSlpZLWKJ9iffz34v/8QAJxAAAwACAgEFAQADAQEBAAAAAAERECEgMTBAQVBRYXGBkaFgscH/2gAIAQEAAT8heN/CjIPwxSQQSSQRwV/p+rP1EvcKOsXJRfvEjFL7D8SZRkWvsJfsL9hfsMhGQ19P/Ym+0X1BfRPwCd7D90fusP7Efa4iH7ZCSCCCSSSMIKilKUpS4vxzz+J38cIQhCE4CSfoj6I+iPongFJBBPD0WfqyfuJiJNdj9xIoP6iUIvx/6IS+wfiz8mf5CP0X2iw/7Yif0VhlE/AaQ/Gfk4Ij9hfUP2P0R+3EK/XH+uL9z9CST9ifsj7P2P2I+yPskn7J+8IJIIwgggqKUpSlKVFP+E7/AAcIQhCEIQQSSSQQRikggkgggjiF/Z+jP3P0H6ifaf3P2k/eftP2ZsS/c/XhT+R+DPwP1Zm/Er7icfyz+x9iZ/c17p/bH+x+4vuzJ+o29sf8GN+Y/Bj/AJf9k++GQ/mH9A/OP8485whCEyQQQSSSSQQQQSST9coAkgkkkggggjxgDRRZReCx/wD1enGZhCEJ/wC5TvOn/t+1HT/27Hp/4W/Jvr/4MPQ8Evke35WpOEkkEYMPgi4OhKi+SdPyVRI0wMNiihOUUWLjcdi0XyfR8gXgO3ZXzWFmlYUQXFk5kU/iv+34wpI1GuL9Buy8JzQ+LULgO+WhYyfxL/8AXxJUNBYwy0pjfFZfJcKUuFLkeO/jEtv+vhyiFgcN2UXlOM5JZebm8kOKIE/h2/3/AA1DC1jZ+CZhPAhZflaEFhor/wASZRSwtfvxSxOMwl4x4aITi+dE6GY6f+Ha2LRYdcIThOa8FxUeXzfhTxv8G9/gdPwMCJYfBOC4svjRSlwpS8X4UPs1fB/8p1/BA9j8aDZczjCYLHODw/PSDw2+Ceh1+V+inhe5hOK8C5LgfQ0PEGiEIPzww0+B6Tp9dAuIPEHmZnNCw+CFExsNYLDw8P0EcDfAf/I6fWt4Zo0a4TCZSITLyvChYNjEiDWH6JYqCd9ew6PXG8bwuFlkITDy+CZRviXKFlBr0aw0+AXV6xkBxvgn4UIMfgWCRBlGyiYsJkPknk7Di+bhBF2PxuE8KUuYQaHzosCyeaJmxCCYa8D8cvXdh0CzPC/Mx7Q2x8ViieFE8XCDLL4muUw3BDChMTGTC83fBeu2JNPVvpmzmpeK4jHg+MGhCKwPingRbouYTzIboXrx1er1jV4fB+FcCzNDDXgr8ImUZMmszyP683q0UkWYx4SwhMFlNcaVkrhBrnCcFwQTzBoaH5UbBteu/wCn1QyBZ5mTwhYbG8whCCxQnhBiw8XMwmUyieRrLHweF4Tp67/oOqF6iCKvEzcW8XFHxLA0TEFwOQo2XFExEwaGsLDQWQfOhMvMHibXrv8AsOmV6V4m68so3xpeKWQg+JI34pjw1hYoxS4vClw+KeO42het3F0yvQoeYouyZeZymEITgaHm5G+SwSGGuCKXx3heDbERC9cXT07NQ14NYXO5TG4ms3F5rBsNDXGYXQmbeBfLoKetYC8Nw+C8l3DzS4g+KWCKhyjflTExYGPkmd4tYPo7eR4zR61bAuSHleRnU7ZWHyXElggxuPB81mZJhMQx808HujUOg3i+Jdji9YpllD4vzJo7cX4IQSEmLC2PlOUxCDWEFiDXBEFwB+VDbOvrP+7gmX0fQ2jEhDrE8EEJzeEHwCCIJcRv6KKJkQhMjsX0F2OvrJ8YvHCeD2Y+8UaIIfFcx5jEwhY1iMSA8D9YX0i/Ly/wJivob/RY3xr6K+hsJ8pJixPM6esbQ+/VMGsJYbRcvCE6Ny5eEzGY0PyLq0IQk6GBuxb2Ea0JR+RH0R9EEfRP0R9DT6Gn0PGf4H+R/kcexoPMHgPjOfc6esb/ALL5H4mdTdjQg8KMfO8F2bC2JAr9jb0LOhSFBnsPuQr6EY+ic8Z4yyQNRAwnkIpmwaITk89zp6xdv7heleJ9vCjSsXxrZblQU0iOI97Ca6EJ4IQhCEIPAvkPhX2DHxhB57nT1jUQnCZRMH5F0bhqLwZySpQVrQvLCG4NmMbE4kvQsawNDDyTtwsNEJiZedwmvW1wXFMuvLuQxkw9yrCJi8UhjJ+xNCwNIibbKCFjXoWPDINDQ8s3YGvCuzp9a78nwXFWJMzMwzpjpjLkniEFwoI0KSWNGqL9EbY57YpYEuD9C8sgmSm+Z5WjUL1nfk14ehsQRcIeGXQ1i4NJlQy+2JHh5mTaGg1H9FsaIYEhetXdj7DZS5ed4uvgC5EyhoQxED5voUYo2Y7kZOLiKXPwGIYiBiK41IQmF6hrmrIeFl47GoXXrUF4SZQx83l4bEEjcJbw+xPNIsz88aTC+kLQglwXqGMY8jSzsEj52ZBeuXMy6D7y1hlwiDQxYvJJGKhhyRBdC+4hts2WZZSJC5LNLil9BS4PIaYQPIh3EHzTZ0+B3DDoPgIfBMZMQamUNCm02FQ9ocGuhsES6HTg0Miy0JJzQQIrg1KXFKUo0xnFoNF7j+4a/Yyle4vuIEghrsaMYyyZ2knxWFNeuS0PLsaDaPcmuB8UMRRvKwmNCyGH3hjEoPdUjNE8oSDVj7iH9k/Yl+z+hJ94SX7J+8CQgSZ3wkcjX7P0PuC/sbm+A3BfYJof1iaN8NFETbHw7CC9c2hoTeai6EzEMIewmJgkaIYh4nFNFN4IpCDRQe5hSwxYjhPu81+gxi+xfYJv0S/ce/cTiP6Ybi4c/fPu+z7A2Y3FFZAmewvoFjIg6K+5VYsa24S4LM0fATwxYUusQPfNxSwztiffBDQiYosUMI1BuY6zVwNA82hMYmP8D/OH8D/I5e2E3IxUVNiYdhWuFGGIbMbR2wUJmMbL+wl+j8D+Cfon6wfiNuhYhrGRySwr6/8A3hsYbdLA9IVi4diIcSJQ30Ub5PCebLDN8KbGw4RCRBlBhKhIJCMlLEqYnkJtOo0l4dQ4suPcjMQzIyIiCCBrhUiDRuG15syYvXrUjGrBOMZJGaEFm2uYWp0y4WBeNCj2Mg67wNbIJs1ISkiYnAOIShp9i/vFb3GioVFohFRZOtMUWuFJAQNYcjgUn7F/cUJRAsGsINCaN7wS+ChbDVkOiY229sRDe3EUYZ/6CJwq/bEofZ0XJ8NZQ5MISjohLQSCYQakdOUCB+o3e4vZJRmMUOBSNckmcSGIeMYnjNMYg1HuMEZiBId9lC/FNHcJsu1hJevZ0wQR0wmVTK7ZRbWF0UPzHYh0NMrEd+B53OhQ4K1i6GpgsQY2SOlGmKnR7AKaof0MefTIpDUbcSzCCIQed4X446Bl6HYs2IU0Jg1hGodI2WdTUxNirEq+AMjBIErtbNg0Pc2DOg3sQqnsWfg+Y1C9sUeECunXJcd0hmhUMJFoRYpiDEG47/5HUibig1+hSIEHRAhBLBZeDWDLCDoc9sH0BIbMp7Y/ngUWHjoE3NCNW+AYgVKiOotjkpVYRvVvgGkbpT2Ie4/+Q/f2KCnezTCCYeUylINHUNaICinorQnQnBoaGhlEJVikQhCcA0JCELLGiEIPBMQiHwZBFImHjqZILC8U+AY7cPktkB9U78gf+guzuM0RYSwNbJCtW4ORJl/Y1YiDw/BhAyqYsbFQ0rWKFljRCcShCCyIQSEhCyxkIQgw8UITkSZeC6zLT4AxR/4k3WWN/UfsszY89RRUogDyL3GjL2bY5Mx13YoQQjzUUDYTGXCwfCEmyH/gIN/SgS/QXqQTlCEITDrgIQhOCFweYQg1wEyQhCZeHRiCYvwDLFo39iBrWkdaLn6Ild1iXQaars+v2tDNv9hKwILT3NjUGmw2Qv2Mc0xS8KhrhY6xx7NNCnsMN2jNcIQhCExCEJicULL5QhCEyQhCDwx4dRdjC+AZ7ZsScmbI/lO3uXYsnupq/wAR+zTG3qMb/wAjLpiJbltX+im6uFPZ3mL6LYrHZti/v4Mh4pMfYkRU17e5C96OohcFwhCYhCZY+CFl8ELMIQhCEw8MY8PedsF8AxqKhIRuiOmhK17divff0RT3CJtEYaUds7p2QR1XNQK39hDt0iskactMcwVB0aliYqJNjUwlcE7VGodDZChVMd/9BU+w2sELKFynFjHwQsMY8UQhcZyYxjw6inYXXwDHu9ghIQxHW/RKh3rWyI7Gyex53yv/AHBNT6Ru+wSmRooE6ond+wiOmSP8BqxEOhGnvwINI3cP/gWse9DHVYIWIIXjeDeEIQssY8NgvIx5Op7judPgGLvtiNjrbPs/GJCajCTRc79+xTSEh3HSF2hMaWg0Nt+mEdsTH2PSNzdEOiZ3GGFRiJskZ7HudNuhMTP4baC1HuNpgsFheRjeUEhCQkQaGMeENgvExjyNoY7/AAJi4jaFizdFEHNr74K4RvSEqliiRqAaWxaEaFy9ihAINtsR7jYUaHU0Q/8AAio/RtmjAuJYXNjeRImFguBkIQTGF4WMY8HG0xuzt8CZRucoauhqd8X0PsCEOsMND3TChaxuK9QdO7wRBA28p4rOjruC6qd2PGNkQuC5PDDFwmIR+wnAmUeBBJA2UYYT8LGxjDjYmDfAMg8dCphXaIagkt96yRtjYhL2CGwYSkj6GSEtyke226JbrNFynyxYY8XQnZsNCGxRRMQsLk8HmAsTYxlULMQGlFvcVYQwvAxjYwwxoG+CLPciH0JIaToXUGsN4Ym09EpDDaE4zUdB8JHSwiIfCly8H0dsTjjZQsLk8GiDGY1fYe4sQsDeYRHp4ITBC5MbGxsbHGOwav4KslPFsRQIN7Q0oRbXeUNj+4Q093/OL3IinmUdBPeBhxxPCELhSjwyEGsiCMUudDR4UITC5Mo2MMYfFqY+zudfgGOi0IsPbCDaQX3MzpDEPKDUOzqX/S2hMe8dh+FEOjGG2sw4mJiEIvCl4sY2UuUXhmFwTExPNKNjY2MYbJtv4KYhFRxYYi/pidGIMSO2Jhi0xMiz7HYQ34UyjawPtcAoQhCE8XFGKXFlqMvl08xcywmJlKUuGxsYw5pxds6hfAMhUw0QloVZ3BsOC4mINY0ddkHi/P75rjDCEIRc0Ye2b27JN8GLhQrw7NiGxZKKCKCFyxsY3xA6MXQXQvgHwbY1BGpbNWMfC4eTQ1mcEhrEwhrMyP2ZBxhMvBsbwMxP3LGZNXFFBF4C4yvGy9y7LZCxRjY2MMPknrF2LpfAvgmzHmJnbDEhqcWJ+EmN8Fn3GOvfFoQhCy875gNH4UQkKZ0awbHivZdKpeVYY2NjY3A1hiHT4F8Owe8KxdC0kFVMbJ/+gOQXWVxfn3YTjEzWZccTExhZa4QPbG0astMMENmyvGxsMss3Ke2OIgmWNjY2Nwnc9/gx8GasaQ66HL7J7IRaUMWo9yidhtsa/wDQ6ZS1dZfBlG/LXCcxOyDCY4nxKMQQIoE5kXynajwHkoqLDGNjY3xgm2LEvwL4MZNijo0Jxo24lY92KvYbIPZNMkPFw+SQ1xWS6IPglxMo4mJ4uDEsJhYIXKjY2N5QhBCKNjDDeR0ZBibxL4F8GMi+12W16bPpQQ5tnv8AZF/TvB4pSSF3pD5vcrPAh8UMYo1BiHBpYHKMJlG8LDRMXhWpJJGRiiEhYeKUYw2N8TFsqT4J598KnTqGk39lAdroYVDKKPY5FzoWtG99A0JrMmOOakPj2CYxcPCzBhjY2wMLKGMZgQgvAbA3yaBsSskhL4J8GySOxF3P3DYhKv8ABFnhKj1if3UW2mPkhJVJ/k7cmKajthxsTCY4wsUeEXMHxlT8BMOG5RFofJjDexvgX3j5U+DeGLY30JSxa/rRLt1NjNFE2sJoZ1jHviRQ/cPjM/RaHwIfB0O7DDYOPmT5IQsMgynlsoJYfM+ITyGKMmhfBvDQQZde49QXxPRHP0m5ForYT3GgbzBWYg8PjY/eSHwU+gPNsE2IYbksLixOAJCyxjxSlGxx+MWzJJfCpKU3+Rs22yP+AlUrGH2Kmw95YNXnoLb9YuuCVicH4+iohtksSkzFB0ExhMpRMWCFxY0NCWCXBjHilKNj8qD7LsiL4VQ2Qc5PsSAqWHQbaVXRf+9QmKB2PrFxReLDCGIfBcUjUVBW3hOsvryVwdBDCFm4Yxi4KMNjxS5GxhhuAfeFPhjer7LXsSpOihr2KTRe+jdf2f8AAlqP8iKSZNv3H36FD4IfWXYnhoyR1HfhB51WBBPiLz1xreU2NjzGxh+Ke8lEYIJFXwLKUbilLg2UoNQJo7Y1L6FD8NtWGjOnEQg8gsqRWey+B1xtYZZeC8t8ZI3ShNE2P9YUIXwX17KY3aE6aSjfGVvyB2OnoGIZpJ5ftLiYw3Eugisy+B1t2foIIvF7Ys/oLMMPM2KY+g8fGeGnr2OhGtqwylwnMX4Eq8r52qECVjdG4awbAsDQxzgzkVv9DZxZ/UX7H++aLbBvidTNu/w0mNmlR6Y99Du+GXD5Jl88Ba98bdjmNxYiyD7xILBMDLE+H6D/AGMsNh4EaE+Df74xXcU+MQc2Rw6DcduMsGr17QfCY9Y6KTsRWhcmiz0kirYxR9BAyreNJpiwEGzUaG+DbjYpcUuCwUTELChS5F74EQTG4bLixMSifrGi5cXKdFNjXgu0V/49EouY33lHAmCgokxqCbFk2GshCeVHlUEUeSez88CWaFMUicKYoFwlfUqsJOx/wI+q4MMNHtmv7H52g1yV8KhzIkEsNDFMMsMJlLh3wlmvoooosovBBZ1YpRvCwpiEHioxoJZQTDKIrFQSl9SRE6HM+3FD9CQNB5o8TbY4fgKI4JYNDH4HbjhciYswSQRw0ZUUiFweIV4gMeaYOwXYmCzDHiixVipBJ8YqEZO3lMUTt9HVoUjXBLBYfImkGyiGLgmUprhBoazeEEhrxLXAY8GQY7hRNkEUfFMTwQYhFBIX1ipfDUNFwFoWxDeLtFlPwJ4QnGaINYKZR9whMQpcUVmwMPBS4TK3kJiXBjwaITFNmo/MgwQWG+Yu68HhIayvA863GvkZEE+01Yg1hOTCDQ1wJjksUonyE8SeWDEzG4YCWITDHhCDHO+V57lQQXlh06HxbIHi4XY1GHIxRRoN8EIiHnQNXONEHwFwYgw8+/AbjLWJ4JkFjWMsQSEQmGMYyENEMdicJ57iiYRWGC+BU5ofCiZwRY3cxEEIvBSpoRZBoaGhoWCzCEwaIPF/LEyy/A3rI0VmqRBISJljGTI2h9vmhOK43nSlwRQRT8xjDLLCjw/AspDQSBMNDQ0NCyLEzB8AZfKCvLvBfgWIigglgQgkTLHiEGdg28z0i53CCNH4ZGmFuXg/EiYTIIy6/wAYog0MMQSELMIQmDwQYeNrkr6wWBcpFgSITkyEJj2Hf1FL4ExDpzaDDZF5UY/Cu80fZODdWIQaGiYQhYmYQmDwvwba5v1ghOLxCCEH0bDv6pMpS8m+LUeg8Fhvg8pwhPAhqEe8HYRBhh4IQuEIQhBonoAABCEzOEwWDoRTNz9dcLkuLMXg/A/NJmmFs0GGGEhCEQhCYmZhOAnEFxBCEJxhBISISRtZZv0a8qYnljNMoxjebl+WZnGLyrYgwxBCFmEIThMQnEIQnGE5wQmGJJlWN534Hwnhbwk9ENMjKN8nxg/QJDxnUaBEGhrCEFxhCE888EIQSw2RTL03cV6J+chFMGUpSl5v0CYh1FBxEIPBCYXGEJiE4TwTlCEzAgd+8Jv078zYsDeLyfghMzx0kShVFuEITzwnlmJlaEr3GMuy/DPxLwEJDHwXiRBnVsohPhCE+AQh27Ht8FfErl+RMb9DYdY0JfmnCeaZuM7Nj235Bejfoj8a4TC8lwMCDWywhizCcp6ZK9xaTjwsYYeFi/HF4545xpSlHOtnWLaE/WUar3FoX9j3djmG8rD9SvAvEfmWH6NMZhvYScJH6dAW9xSwD24Ood5hM0XJfKH55yKRi9xQb/Ycmz3gSP0FKQJe4hC9jAyGht4GELkvVLxn5Fl+FeGcKUTonbP0PsCxAnCQubhr9n7YGj3EIR9jn3GgV9iZ2OJnYbKXmxsl8kfFcGuC8i50o1TZ7gTbYz7P1FfZ+h+wl+xGouxV1ia/Z+57Zj5cf3j+0bBsvibwkJeovoK9JPK8LhCcaXBBv2JXTy6JTHxhlFFlL6C4T4ZnTwrD5zwJ8lljwnyfOlLilwvigkTxIXyqcX436KEJ6CE8Cy8l8UXoD8Cy+TysXxT1iF6p+csoTU6PfD4Qg/KsvwrwPm/PeM4pevXkLNZRPivRH4VzvG5fG4UpfCsvKQvIvRPxvyUpeT8T5vxP1Kw8TCQl416G4fjfB4XF+F+jfpJwngXBcJ4153wfGifhMon5L5JlD8k8E5zwoXBYnhRML0T5MYmLL4nheK+d83zfhnmeF6p+dYY8JieHxPCyvXP1j4JcV6582PFEE+V4WVzeV6R5QsP1V+EfJjHhPmvhfRp6BemfrV5XwWHh4TG5H8GfBcF53l4nBZXpF5XwWHhjyNxPC5r6Rcn4FwnmeXmZXOcXyfN+F+ITHGLLy/mb8K8C9MuLHwY8nk+hYfDpheoXG+Z+N8VxXho36l8nh5MPoXJi7F4r/wCEgieel8Lwx5+wsMeWdhf+MQsJDWOpQ/sn5CHaGp6Rj4iwx5eC4T0q+KmEmyh5T2aHsJCwHubF9At0R1RpB+Z+BW0XV6RBBeFCGPgouL4wvCiPhKfgV9eN+rmETJE4RqaxqCVYhGhaRwWPEAXP8EqioojuOCfuSik/06hCjB54UfSMaFHxmPNFGs/DGYbRK0hLR502FWmhGKaPyF9JoSEjwnekNSsVXSPqj81hzw1DX9n5s7dcX6RjRIX0HvgajwkyY2tCkPbQyDENjSML6j8xbodh1iYFX/M3UdJ7879kZ9nvo9Q6xtBdvYwM3wfojj4C6GPKU3D45ej/ADokaEpdEjQoE3O6SQRGLup3iVNzBJ0aIUUW3f0hdl2hJEMmKlovcTY/LJNiYbwg9h/UxEFu2GLvDWJXhpn2lmNkfYpYREhGqNPQu0RFxImMLQkVs0LZtIXU1QWVbVNrZdnQLFGPdj/6Yvef/fH7htlZ0HWICRWCHa9M/KEPB47IRD+lmaotBYh0f0/7B6FHRuEGf4U1Rmx47zzbD1IjSi2fw3/zOr+EKEMP7CYbP2onSGyTVo/ihaUF2mgb/YZQXuhBDqjXQ/EP60LpBrY1aSFD3H4jV3JPoODBuDsRUF0FpMTeBoP8N4TQ6RiK7sY8dZ0fzB2Z3Rj1nTiLp6Kp1nR/BQ33BTDXqJ3PbiPDxo+2MDYag8LUOkbQ0DSh6xrNWGMq2N47mhI3dDE/aiJ70bIal/B4w6hi3ZcKkWN2PY3Ylf2FGwIBCUW2/hAJosQ2GClaOz7aOOE0C4ykelP9INasdZ/ohg13e+HozrOseYbzZdjpOj+YqEF0OrBiT+nWQVBQYg3+gV3xVRUfgT7LCZPC+XQbmPrmJtisY1WT/kRmuhDseHd/7iLiLmCOmiVkfcgTKKWK6BgbG6LEc5Q4zSbOkTGxf0eg8NdlneFUvuPRaoNud4okVXjxuwZ2BYDQ0FFFI7GkJxkUuk7x4n9Os7Drw2LFLlM/cSuKU0x0xAhGJ3Z1DirvC01Fj0dP8Gn+Amb2JhjiG9eBeE8NlKXLa4x8gs6dDw7syS6Q2CREA2f+RD+Ax5xHI2a0Mdj1SYBEgrQ2hfYUiSFoxDGP6NI+jpNHPsDSwKA1CqOqj9n0PGO/+idykDDOCrawuuQdrHpVR3Sk+guo6MvuD25DSB149L+nWboUkOgQj2ux7C6DWxcC7JG1OsY1TqPfhzYjqO4pNocjNGaYT4fgY8UpRslEx8k7YnVCaDbCX1Nql0SZYiDJx9CpRIYDvs+8WhI7JBKLuo1xcK39NiSKe2Y4aI9whcIJHYMNFehLbGsvbF0JB700hHSF6g4WqhbfSFWMukM3HXjR1sW2exDCsxi1z2EiarQlLpCRTs/g5uOs6Z2chvY7CCbQpc1o2MLsIqmzr/gmN04ovcgux6ohOhvC32F80YyCCx4ngfC46DybLihjQnND2kz2YixSBasbqQpJg+8MJdSdIEF2LDkYyI4G8h3+2K6MgTU2CqLG65PswbahoIULToTvEqjaQWIRWERpE62hApoJ0K4jU8B2b57ZoRqxdMIcsHZHSaIb8Jv+w6BI/IX/AGaqMGQ7Siv8R2ENxwocG5N4lbYwiYq2N+FjHw6DEw3y0QjC0R3jqewSh1Ciibs6P4QGgJqdeauxXtjW4bY2olf8BQDt3gFM3hdY9YQfTO9LTrxa0XJE9CiwOz7wJWKP/wCcYMUwg9wrnJNVBSLXqJCD8sYgUw1Q4L5uiD/AG2HQN1NiOEKpg06NzZe4pu0JdbPeGJFjloJ1jZivoWD7w3bZTQUZcH4WPnQ3hcHuTce+LT0NCHsWJHv/AIQ/xLHqG3/gTT+i6jR+ZU0PP2I1/kxJuNAvo+wMnZ1GrG4WloVqiHBOexYR9GF1m4orZTYWTCuhRxjj0LqGTS4WdBojAhjwOXTBqE4bNBAgmhbZFpmhIbbNSmXSFyki2PZG2Estw+xtChphJj3FdiUQfhY/CSJisLsXrF3yCgomJq/RJC6CVBM0aoxKjBThqRUidjR2ouiGFJ1Iaez3BfsQp2D9BMGNCYmHnRei/Z+p9OP0IfQaoKRtREo/0qmCUGn0Tsc1IkQjsND9QMRKJluSv8DtjuhSIkOw9KDchs9scIIItgrNsqwGIUC0LoY2WGFUoSkB4x0j3sFR9+Fj8JZrFJtHYj9mw4O3KEkVpkh2HorwiYhneyKG2xZTI2MLZsF+wzuzXZFC9oeBuUhJMQlM9gJT9x2+xChAbwWonQ3CKFCUgmOqIqdlDaG7Yn3FiQjRW2Kqux7KNiDL2PC3JjYSLZoN4VFoszQ2YlBiEjpCMCA0YqmN6HGHm+euFZaMTOxTVOxssFSmhTFR/g1G5hVdolI6ZDSeAtKFsekWNh2iFIdxoQQFJGwdvsQ8Ue5EJisP4FlrjVDpgQubekNoc3RkCVFHEMNQaneCYj2iRdIQRtG6Icj4WEzHIkLB4xtNF2MNC1i6xXeDQRdibGmA3oTFh5oeEyxqkq6LlIdHuI3xENEB1TVobs0Fs0Fi6uwkOmPdksUEtjujRkh5CWIUYUxiLsWBpMg1GNrwC3Y3A0GshhIkfYEiEWhCNpvtFNhiIKGuIe8N8FCoeBWmpmKeilx1aEaEiZpG8Yli0eEPxWLiXWGUYw0mKAkaGr8Eww3UIx7BbvH1G1ou6JUOmBsETMEXiyBjGsHCgIBvR4VhD6CS0xJYxKmBNyaPA0JMEI9hhZ0UCRj2EgZsDZXRtKPsZN4PvFUKEDeJoGNhL2ZBCSjaxrCdF2K+x17iJGmONjfhfgsXGuhjxGQ6lkLoaGUwdCBoKD1LKhNhqKTIhqYgVN0QgMS0WM+yGH2E0OInsi0JzIbKPJC8AsbOx6KE/QqTCZt5VnRhiOwsbMWpoN4EVIQhJv7CBDLpYstvImxOhiLLKjeH4H4a41h4cZEoXQ/caMdGbhO0d5FsXQhiQUNkPcoRG+ePRDS9xuhAtiWzob2JYgeRMM6fAbWtHTnGzQ7pF2XinTNvgtI9hm2HuJD9RbC1wPLosrZs2N9x+ohIcH4C12fiJ3sNZ20hE2sG76PyGrQn2Q5F/Q/NMWLjQ+am98IC+mUrBBqxBNH+iixT78M6lvc+8Tdk/c/sZT4SF+hTEMasUEp7qbvsee419xJCcKUo0R+5q2NY/wBYH5kmL7x/eICpiKPuEXTGHl0rxTE7KF9s0KlXo9wQCX7HtBTsciYpJew4bYaiwoODf2RX4LPNRsLwTExxD6xk2YnXuMU8HYjNiuaTFDULsoJvsvQsq2KjOlGv2PbBo9iIdINe0P8ATMVNYnp7gTFg/wCAvsQ/qLe5N7NXY3vZY/3H9j+4r7Gb3IbX0L+IU7QkbjUJmX9CejguGtD3F3B6jGhun4lnicDYIvYcEPA0KoqF2nQhkVCjs/M3kuV4PNGxliBJi2hbGw9wICmNQhiYSCGPc+qJuywKFMdxrYVLeAzTosEMho0C22h/g9kPwNxtKKvWxBP3GrBRL7T3LG4xPb2VdiYixL6WBLpG3oSXW8RjiRNI+5DpGGjHawoIHWFjSMEkP6DmJe5Aw1NQWilgk9x0JjvE8HZ5GNlzXD//xAAmEAEBAQACAgMBAQADAQEBAQABABEQITFBIFFhMHFAgZGhscHR/9oACAEBAAE/EGO9ONd8bH033R+i/G/GbZbYayeC1LNdbPw/+oF6/wDeC8BCFLQ5LDxCX/8ARuzOJAGOdvZpniIF2WBmr/2MdqAL94ZT2XL/APiEFxeHHeDbOtfc8d/6ysz/ANZUDeQkANv9hPP/ALR5ur/Y28w/pJ+U5gsT3D+l+1+xD+79r94X3fsSfuE9nEG0937SPuDZ444YtLFpCW2lpdQ/D3bxvG287erZ+TbwZzrxvc/Fef8Auu8sT8MsLLCyxwRYs2ZPJn6vwvyX4r8U/Wn678r855NfrJh/BP4n8cCOhsB4P/uPG/8AdsPA/wDbYn/9oMCwqPAcH8Qf3lPEL0QR5/8AWL2V/wC2vujLuj2Daw6mBMEjypXSx9pGJrifii9oRmab6K0cIF0f+uR1/wD7wj03/eXk6H/ewngXeGb7TLg9sHcj8V9SR9pxjl2ZiG93Xf36tp1+EP7j7Z42Th7YT/Hfik/KX1mF9ICbpZ+5W/e/Sx92Hu/a7PMU4s/cTNn7s2fuW9yJvg+v/sdh8E+AfwznveM4OMss4yzjCQ5M8+bP1Z5L8b8C/K/Gfpl/U/VfnfjP134zL9M/Xflw6WrX2wO4rP8A/wBr9f8A7OGcAMOl6np88UcCAesbN6d4t3eFNhuX7YGMsRvCNBo+/B+aPemD94x89tM3e8vV+6B113vmI9AgMRrmO/0jbtjydILwb8GPPsse1se2zzv+wjLs7GfgLV8byCcZf/LYYM3/AN2p1/3z/wDwLsr3jPvSGTpn+ljubhPAQw649taKPbH8uv5Hwzhs+GWWWWWcllnwTjLOMssLOMssOGWWWflhYWPqRtmTJsWOL8ji/C/CfqL8p+i/C/O/O/G/HjdXg4OrxfhPM3XvF9x8Ur8LPNj6sxk46tb4t5l9S2Ptl+H9Wcw16v8AWzZj2x8sj+oWf2zg53jLJPnn8gs+LZZxkWWcZZx3xnxyznCzjOcssssssss4ZYWFnDLOGLEzFhkRZ8i7/kf8vPifDPgfy6+OTxn9HOM4yec+WWf1ZlJe8fzz4HwPi/Ped/tlnyz+r8355/A5z45xllln9GeBsN31yfHLLP4n88+B8X+Z/wAh/ottvHf8T+z8cv8AcesPyLPkx/HPkf0z+b/DY+SkniOwfLPm/DLLP67/ABybOWXh+3jjl4P4d/I4eCyz+GfHH+Pfz3jZ4WSQYENtsifXCrLB1b/LP7n/AAH4PDouGP8Ahhzn8M/4bbZJA8yCYPvhuDH3Fb+7pGWJCDICdSqAgi6/4ufyX4nyfi+NP+DnB/MJ82WSfJ+W29WCFH9x+m/e+1K37R4h+9vsWViI3zYe4Pu8Ak7QA+OlttvzfhnGc5xnL/R+LxnK2TQ/nnD/AGyTgbYnnOM+aySM9xnsm7y1tZb3K/fwOPCbUrDCiFE3iBgSZFnPN+0H7g/cLCw/H38H++8PL8jjOGZPZ+Lw/wAH5J8j4Z8Vsk4PH8Vkk0D3EHuEHud8cEW2xJwSyD4xBzuXvJzyy8tSpc3a+4B8zfdtGw2/xJ/4Tw/J4bZ+t8Mc+7eT558D4HGfHu347yslG9wvcf3fvemz7Ei+fmYdxwNhZB88r3YmGJRDzzL+7X3HWCeAzOpPQjjfk/DPg/wPgcrxvweG2PHrih8PXOfJ+QWfI/hvGyCMe4Te5The64h7bpyFkzI8R65Ykxu8BBkk8F7tieW3OC2srwTyNywEfdC23cfzbf4s/PLv4PGmb5cMF4Oc59/NY+Bd8PxP47GHuzE21AZrt5I8xBZHDNmCs5bILNgFjJOpIT54OEiydl4IepzzZmbavmDp2NhYerY/ln9TnPiy8Iwjh/o8JwchZ1/IsmZnEK93lxme+TZwBwI82dSHDqCBk2wkEkRdoI2SzcF7suxtODxtvGxHvMX3eHuOD/J57/jnyfg98MqGD45ZZwHLw/Euvjlnx3jSAgHuROTJl4I4/ELeeGWdW22hFdzwS4OOvB68NjJnj1beuGcp8BmJtLQtth/5L8Hn/BfCssgZ534vByf09cDC1aGVt4DYzw8LuEjGSckbEVeBZeQ64NbJJNeFjuccF6t4ITZy2wRdLMd3Qh+T/wADf4vOcvrljnxzlnGfwP4hNstmXkNlPMlngIwtl+G/CfmxbdndllkU5pwcEYLOWvgMT4sk+GRDwcG6TWMQ6f1bOM+J88+DMb8hxHBPHv4YwQ5LLI5D4nC8AGdcGdM2azgmYxMw5xnkTLLepC6mM2BkRZvJeS6MTwyvCEeTJ8cPybYnRdZ3GIeT+2RZ/Rn7N6nv+HOcZMfAllX4HGWcb8k4MMrwZt3Y2cBYWckYjY8JL8DeuTDFNe67dLoh28hZxHYa2WcpK8e/kQyK1DWNLf8AhP8AJ4YIB+kc/wALLI5yz5ZJwHB8A+eRYCQi2WdXWTkE8CiY8y5bm58XnGZw8M7dwuRYaSSHG72jYzhTjuS8jbL8M+LwssE1sB3AIf8AiPzZm0d/8UWWce4mz4Pm2fiWwfB5fEANsrGafHNuKTIWMkZO+B4kHDt5gGOIYLwErK4ZbJJONOXln4vwInkw5sYI8fxP6vxZ4O0cg4XnH5PzONt+OS6Yw3etoswwlhw3WwSzG64yyY4hGHg6OMs487xgsXWVDEztLZ18AZPmDbLJ4ZIceecs4JJdwvCLP77bb8smeUKx6RPJ8Xl5OSeTZ+AK293ftbbFsJtZIGcpBLCxMSLtnfwbeuCuqYzwebKrDnK8V+Z6xEkUx5sEsJmC8uAsgs4OOzDovGzhj+j8c5fk9vpClsgXuCTD4kOfUseJ+BJziWYhnfKfBz4zudvBYneTgo7Il1+IvRY2TbyZwuOuQWjPBKxzZoJDea6MNmJkpTJeU4ODjqOPHLQvH49Z8T/gpMzPgS2FzgbeuWOU+B8ThO5sIfVvIkthlp52Fn2WdR54eEunbHcNjjwMcY4FllkKeZmOT+BZtn2MvuwXb4ks7npdJ8WcJJZyHGcvEtSeJHjjePX9T+jVp8WZwcGTwvBwbL1/LZZ8RDm0t7nwLdwsgjbIOuByEHcbmiydFmk2T+bPg23h2S9WUqW2Isjzb5PfZ3KLPuCQ2zzMyyCyyyL1ZwFnhLo5f4H93hm2/wBiHWyTbOdt4yeTjxz3zkcso7tk+BrHe63aww7y4TwF4tnAJ7gTGdyjClg3cC2TxhO5RJnBKM4FvQ2nPazky8uUu4eMmbepeWGbYxy2WT8X+OcvweFtkAjj3ZI/DOps4DhiTv4euNl26EmzgGwbOwyJ5bKWQ6FkWzJtnBm5ZHLcinb1w6JRC2xbwxiyCdOEvdHY6WPiGcyZeXCxCzJdzJPGXcXQXj4fi8v/AAHh4y3HE2LbeHl887ZJxlnydj8lqd3bwOoS6Fi2dtiDbJG3eDzZM/AnchWxuzIzxwqUZjzzM22TN2bMiy4jieeMOGws8V0zww2yHgtokPgF0EaY/wCQ8JM3f8c3ji2EnwwmCyDZMt5J+Tw2QEGdmIyfd0lbXjt4ETPMcBNwMUId8bFlCRpdmZ+BwESQEuU6ltuWyRt8NmbLHA4642yRszJZZdDeByPyf+Ezdl+y8HGS5TgmCYnk5yGsOrJ4jTjszffDYFLVjG/FkCEMEBeF5ocbhHW3sK0lngLLyjvfF1bZz023veCpu2PG8pwnBBkkgfDAcYenxPln984Yf6avBHGRDzuQbM/DLPh2WzKEmxgk2DizhhJw8L3HDckt8i7+pGTkcnLuIvCfDylnCYkWWck25DpPDDG3edFiWeuE42PHDIss4ywwA+Gf2f4s2n7u8TgizjJOCHfzMjjOFsLVt7ZcjXD48Wphd4cDxjJHEmZ3EH6kw5KZLPG8BZJw8IE/GxnJjq82WV1H2JSWJAYcm2Sc7xnwYJER8Wf6P8WSz93iWQc7dmEHHQnuxs4G22OPU8H2mxeAW9fIbsuuRG8BddWZZxnbZ/B4JXXCpURecZy34jHGZxGkeYJ3C0RLJE0SSySOHgus8M9PmwcZP/Ab/wBLeM28B1wKRBCOG6yeN4OWbu5FIzbkPDzZZMFuSba2IrA9WUmN4vDxmyyzk2DYxBEYkqUTiTx5JZDu7k42etk6vJdeHg4HjPiocWscHwfi/PPkzw3m5Q6nxFhKTk6bSeF43g482cs3dF2IWkODbF1hTbPJsCw+FiSI3crO8Cxu3xNks9W+GiM5zgHKvwSmaOniw9chVuau2kz6hEHmN73Z5Sxs+Ds8k9ni/m/NP5f5hEknIk57tPkcRCTwzeDYNI6rskNp4taR6+FuuAMDJA3hllZ5Z3sN4JOaXX0ds7kf4ZU8X0o+mBP9THokm6W+9l9wrext95sP7QPTPonfr9MfyWn0zh5TP6DFfExhkvNzhB22ZiYzB4kss74fi+7wf5Hwz4Z/A/l1MD0cnRPBEyWWScBPBGZ5vc/BmJjDFlbKWI3XdiVMu08dGGHXAg9rtZrYJCzW9BIfEr6OrcOptOGADxOOl2GSxyXv3/bNL3Z/sBprJ9NYfkXZxDFXjjAfQ2N6mM7ejZbsDTqD6XVZeSXcyz7kISZyx2k49yPKwz0R8et+ScH9WXf+oCFo2cE8j3Pjgy8ufcfHLwkEYvdktqvUKahMa2Al042WCEyWIUMBsmo6up0wwswixuIUM6pMLb09TPUDNgfiARB+qT9SbD1Zsz9FiQ35X4F9aF2EKOmxusZWeOE3yMXkIneoBgTHwBllkkF4cDdRLRH82Is+O3r4POf0KjwcF+QcBPGScHyFrU6VjN2GIk/3LHngmGJ422V42FhDY63Z+twss+oB4h3ch60iY9BLfccWiEoQeIJYWcZISWcMWLPFLJh4dXic352xkfeFlvV0NlqH5DnJOBBZEeuXhs+Bnybz/dLVfWuRCZBBOLODtixmw5eDh5GI2ZQQIQ0urxhM8BrNxLZmJ10SLss2u0XOoJ4JpAxZQeOHkxSzDCELPhvxyeMssJOGnB0cA3n6vIxh0sl5phMJmdWdQk4ZLZjjfifyyT+GzDsyRltk3lLep8wpJJxLslnDHOWcDDDBphsMRGzJgMuw2b2MV7ZLuRZ1nfFmF1EHUfoiEIFhb3mRlhddwEAOMm223+JPIxkfBbqery9SicmOJLJ5WWY6IjUAPjnO2z/J+LzkwRHCQWm1+JsskEqiDWeauWtQ6w2J2Up6z1pZJbOpRKeCRFv0cIZyAEFq3jKf3Jzw/kAYcGURacNt43+LLM8E4AzxNxux6tjLqylpKS28F4GMTeH/ADBwI7+CFnBDPKzzgPqUOSxLDJDg8NW1aYT6QM+TJCy1h+hKP0xpCwJY03bJtpiIJH6x9viBwp3wkcRtt4eW355y+eEkkskkjAjwsNY4uB4FtlLrHbabyzEfDr47/Df4PDeUdycPcI2QTyGyZBvCfXm7OuA8BJpZJEcXR2HVmsbO7YQ6gLNbORsGMwnZBDhNtHLr7dJkc1M4QdMG7AQ6ddQniCMQXQjnubN/kcZZZJJJYSSBCPTdDfjGnqfdvBeFwFHUIOo4Dhss/wCBn8G7I2w3uUO+DhgQhYS6NpsSxkiIN4by0CXZFPO7aYQHJ4mJJmXqdshyMDYeHRxGer0IJ0cQQdxBwAs5bOc4w5eCJ4ZlmXBcDaW3RZCD1anXAz4tl4yYxi3+L/J5Phsx9fWWEEiSXd31EIZB3dGxwGF28Axh8AEjjJIUZ3GUS5ai3sc3YYvcHd2gNkHkmEyJD2xANkNOICPGQIFvcJEIJBgTb8N5fhtttmTMCT9yThI4lOyxoxJ1tZJ6Ytl4LaDrHCc5wfDP+C3U4HLtONsFOrFasa3nCHcSDWzqSwuxPaCC8TeAPmC1GRSEr4x9Nj0LGrAirV/yfJPXssnb7tk6iAD3rEHjgxgLA2/e/SBB+4+6/aD74Di7WbP3w3g8DBWOLP3C9xzCet3zEAdXlIi7+5DEtPCM4DYnwtb4jUvG2Q/gdW/zf4Mw4IZAraDxdqGuwsTYCDjasLNlBGz44fUe+GC3nh5PfCLrMvverxdAR4/c17NstSHZ2bA/hF4BkAMgDhYwIXyMZvYT3ZG9rYPaSPLg8oILV30ut3Ln2iPule4+yd7j9WPvgRBll7i9o31svKz8iGmLslcJvX2SwmzNx/zWS7UVEUjGw93UvWt7WD4tuwsTGTNhjnwKm6SHXwP+C8vxZOkzYC6Q0tTF6nUG3OHZt3G2DMXgGbY204D7lxOCZDF5tXFP+x8yxv8AV3dg5zRr2PGZKAthBsgtA0vvQzRZ3mJD33YPmV6niCy4Q+aoD5mb3vJO1RwIV0O9lB31dNqUkwPcJ5m55nxI65jJ67CvLfe3q1j07bm5NZqODqY7jC+o8YbTM6B8oi2zqEPUZ5S2j94SzZgsxB1znL8Hnf6dcsznrCGBBrNuWvtiBg9zFHtHdoQLGWzOBPuO+EWeJbCzTkELudEmPAd6ZKkyxILAMZOstVlVZYHSyCyXNnFkINu5a5Faw9rNd+mM+0gbGNh/BB6Z3gHu6bSx/drCbDW24R/c2coibZqpF8X5320I6iwx2buHRInPGAe7h7Qw+RS2hn1E9RtC0++1OG04Mw5OX+B/F+KTMDbh7MH6SZue5H7n2EvzMvBJxdOR643uzJIKXULSR3o8ltAw3otiMySDgcOdbL1wga9dyZWJMdW0031AYgMujgemceIV3O7Icup1kEtJ+ie3ogEY8zWfDog7BzxOvVv6tCR8OpfSS9TJdjTbR1IMoyJ7Fh5JHo4WDYfXRZTsZsL6v8p+qfo4Bb4tniyLqtKA+7dssnjAdQw4w+L/AAf7t0IN1ssOt6sxhijpPtDs7yAs9DCbAdH3EB2NrM02ZrEHcFV4uElOCIgLJDINZweZ7XRa7ltvherJRTNTamfkxZq3pJOpME9WPqwXsoG5PIzdjrl3AUZdl9mJkYcCWCB9W7sIZkWJP1FYo3XLa9RdImxdyAbYZ4qh6hei0ebzNk9bEkYwJIjvwd+8VeU62+WQR8vX9s+L8GZNieIEZgKeQtoyyxhqEDVlLGO9ZKL7xYGvc9VL3eC+0vM+28OXs6Mw1Oo48DDbi02bzmI+bs2SMC+qFrDIzzJ1NMcrwW62dSSdcCGxKTD3FHtIU02q4wFNZGaTLqVlOdQk7K5J9T9cRDdUIwMhDthbWDst2PUbXAwESsUxTNWJa6s+G9XvCLHZYC3bLJLuwbA1kpssR1Z/Dct/vkfH3PLw2rCGoSHFSGTGUI4vk8WieTIV2NsNuqrpHNaWUaUepJRvounjpk422L1dkurILGPvZUKA0NJzWzYqMQcCECRDkhLakCOsqxLIQ0SHgEnHhZKDREwLxbF83VFl4W3qAxso9HEeuHTmGtrdDhJHwjQgvE7bmbIBoIjUe+jxLPrbcL9bKk3yCTge0KhGdXuEG1SepAX4Z8X4vxPiw/MRnNWU3+w9rEBnLDT6LzDankmtWM3q1jTNqz7NkoHoZCWBIgDrA3+Tq7R6IR12fcpng8ElljEOWMmZG3ghSGumyIPDLsnSSxctAWMwWMj1Ozl6nvZ0Z1B2yc5k4dktuXom9PATqdlo4njHGHHJOJbTeGxdutgEA7LQnd4hd0XqIzISkwJ0Qme0hliBDCyEerRkoAwP+ZZJL88/4Hu9x8XgfDuehtVPmV1eMv8AC+7qIcYnht7jMEdNYhxj2nzvcwIydc0Pq0TuryzSjpCeDjDIQ9/tdUlvVosORxPhbWzgHmcYeixh0E2WDGUrLxLqt9QdWHBtywjIsLrCWPqSyM4Ci9DkD3GPDH5Xn8SyyDH0Q+ixI+rF47Cx4ZCEWzbA+2EevQWIPb83478PX8M4zl4d4aXYy6PiZowctDbqTGW6J0NzE607bqDunRYOE0kgFha7mXrJYBeY2Q1k8wZk8lYWGXm5Y8EiOBx3gG97BmfdnDGRT4yHrfg2gt2ajb15i6hvB5ybH1G2SjIJ+BTNiYweA814n4NNrxN6worMxC6scJxPm3cwv9bIh9RHno/s8P8Ad4GhgsMG7ZH/AOhCe1rAx0DxAa9gX0sjLoOvUIAOxkGtRkkzlieuLTnWbMgGto6MbvBFLA1y2nkhZjrAzuOcEOSLrPqSUpdwHlnwnXhOeqaTYZxBhtmZHmyLHnb1jDAPqL04tKcbGJARyepmG2QG8zxWJ+o5WY48zUngY1lv7bBDzaXf6HD8j+TN4XhDep3dI6kA1HGxSuktbXDIpg8zrLBx7TbsqdPLbEDqf9xRR3BLPfKwaW6HbecA7CxG9zdzVlgSzPKloQmmyJCLT55Iy7tXXwGdgS7Rkfolz9uN1Bh7JYZC4HA4CIcbUcMwn4Nkxk7434TwXgYsPkchwHEwSR4eF5c92Jz7mDN9z6P7b/Z5eGnY35/JwfbAis+usxFDd86Y2Pbq3i+Cg/G9WBjGPn8jdcGxEL+x6/Siy1ri4o5ejG7N6TfRBMuxjXsiu1nn8mad46O4tGbpyvxayGJWIk6HQ2DAImtjLPuzDDEIILJjwZHIyZcFtiPFJ4N7tnLYCzv4fpHARISQjyHSHy/Zd3j/AFZ/4LxfELjkk3jQfUx+jMnaWjvBEJgyYCLrW6fXO9gQmq9f5ERVcfyzRnfdqUjV/LrhmeIQaI8kvHuctc2RZvdlezwsoLwYWBs/MuMDXu0geCfwJ3jbaJRxYqgV+Gz/ANB1BUEB41jMrcdzFZPiR65A6ssss4ZZZJdJSliOPhZDgJY7TndrLLLImWcM8h5u6gxlvz22/Hfh7t/n6n4FuH/sBOJlurrAYFc6Kc5l3pZ4iZRPU7/GT3ffZDfYzIigDJTXZWEmAVjPe9nAkXR6sWZD0oOmCZaeuhB+Tg/ODFXqZjRMjz1x5z6hTLV+x8C74LrO6+Q6sTMb5jQx7Y4XE8DuIOHXCWWQSScPBBwa8DGHXCQ5dvBInERllllkkkzw8eRdpARH8J5/4WfwGxGjxL7s0kO26j+oj4vI3tZfg7tJ1bGsV2tE2mwN5Eh1naSO9s2/73SzBD7NnuXuI9B7nyz9vAHh4tyI1gg5PC3YXVgw6uzq2cNtbjB35eiaZsCvYOg3IX+xCDti7fsu/jArEYPuShePDxiVsRbO5ZYWcMy4nrZrHFPIHAMeuOPD1ylF18WSSHKp4XZ/y9c+94R8evi89/33h4fTkAiw9SAo9AX3KK4eUmcZYCjL3MgeZVKp5Wc2X0K2hCCnHdJkfbmfl1HgODhLWVl5v1L5bMDGHdqbsQGdievjJgj7u9mC9sKXRh3/AGsvNsDnm3Z8B2I4HDOE5Zdc55ePFnHw5Mu2eyGxMwb957EcZw8PIpz15M74jNjI4347b8Hhnf5b8vGBz3aM6Xr/ACUPWO7KB0vmaoh5BNYh+l9jKcN1FToXmR2H8xwyLsJeZ1bLJ0eSfPPlfRGdsC8d7gXxYjLOzjmuWq0e5uf97LVjyLqmX/p3SXnPxPgMRwOOvgbo4VRCcLu9ZlPmOPLMQMRPub9YSDh3c4MZx1wyzLicnB1t3J+2I7urgfjn/GeG8bw6oHXmQr4HuLCEzLt++IxLyvocNu1eCwZuye7BE7MuYrdZ4Ohk7wkWiYsic2j9SDwkHSYcHmCZLrrBgZM2PV0dcjoiQjbEwupXjlOPgQvCOG2ZT6vPhclDMuWhuv5YPbYfEUQe7Mwlu6TBH4PvicMW2zMsp8hkS4t5Nur+zWeEc+v4P/DeJ6Bjvi3YnKw2Ay9TDacRdz6tu1oljBubngIUZSAwmfeeZDiGrZZG+4H3dQeDgal1eLo5a2w9cWMlmS7GT8x92IW4d2NpkMSl1HLZtmUZW3GdBrpu6wWhKVkX+pXZRbbs6cIp1dBwOByhhttlkfAjuvJdd1R1193ivDn1E/L1M/3eXgXQW5dIDfMJ1F2ehMI8+LEC1aF4DsnDTv8Aojg62v5M4G3LOGB9s7yONyGM8HV4Zk/NkjJXZTsO520wuniPEiUohlntMUsLPw4GPpn6Z68XlC46nROeIxOHOWInDDbbbKeAmz74Olgjraj4zbv5vyfkfFOM4Iczt3N0+DjczSWpBilrnfL+Eh0Q4fm1XV3gGdQKyxh9Ng4HgMsST6cAZlHrOH59oIxH/Cef9r3Nnnd2fBlSZRNtt4MWXnPENsyYksSAWSOWGOxBPnWw5DbZjA5p8QhY6x5kzfMY9R/wH5nxefCGBvcMmLtbS6cSM+0QGfEhBzpn1M0gL2ndnB0QOnywBhJHqd/jgyMg1eSzgIvue5OU2UuDZmz8B4g+4kWN33+4H3Gbt7j9X7T+41OZaQe2x92b/UDj1isYxeafGON3e5dbGMIeo+D/AMvqTpsBhvc/EtG8J27NRGE3XZF3YCe3bDEjJJiMJX2mY4xMvPyCfgHHgx72sBFPLD1zj64KUTZZ4vagQnlkaj9zLXVtJN4sdLTIhB8QpyW0E57upu31GE9xPdobFxE2WUkuLobqbpe7qWZNtIxHA+W/8Z+TLCA1YNvgeBs1dYb3sc4JePkhGTMg3tj9cGQTMsgtmJFDOSXldF7yxbAPsthgdcGvuHOIg228DScSBnHAQz5le9txOrbM+S/GykyV9WLuX+LoiaCLuOTHc6jbwtvF3OfVsxfE16Xv1ZD3aj37njQ2VBHD8T4Pm6/4D8jLkbwnqTp9+ctrW3iD75mXrjykLNYdQK5lidM2c4W5yvd5TmQ6borPV2N3dL1llbZOUuDJytxiLucU57erQJaQmQC8MYD1YSEx6yIJktuqYIgxEB38I+JfE0A2DHG0W893buGPSOX4nw9W8b/wH4hp/lrMsar83lSk3T4BrZ7e8Tzj7vF8LvU8I8AyZ7gvHHoKeZdH3xvwYl43Lb3vJPuN2RgQtwt8sIw+KcuiBkzqVXqXQe3cx3MBhCvp8BpJtI1ZIySWezPVsYo+Is76lw4CeiXwpM3iLGTu1zu8wdkOj+Jy/wAss/l4/A6JPLvqCTog/RkRjHv+WedAhYyvpLN2gu3oGLPXby/9Rlh+LgSXcTbeMM8Sv8H4eLYu3uRZwmvGkfVrwdl0w7F6j0wO272T29QPgj+oRIgwPqDIc5C4k2iI4D9EB9WPRY2cep4Pnz17tZO+MjbWdngwP6+/i/3znw6DOO9Fp6Du90Ce4SOy57fy0G6dMnpeCFhRQ48OCzNlpy22xPl6svHj4icC7nENLFLpdN4AncbMi68sM4Jx14EZ4mgXSU7HC2lpaSMh4zmzeLMg4snh9PCeWWxZYJbzszs9bYdWARM4235ev7bw/wA+x0Ynmhb33fesPT1aO9uS2jz/APG61IYfahQqdt13j1MdN5M+qeP9Z6s7nDfkzMZ+j4N0OJtxJExBjOvPHvm3SdzMTrI8OAJm3BsLfvhmRiBBLP3E93V023u/SQ+7Da3aC8AJIREek+r9baK7PMAOzqmyfd2uXmdSxR4tmJt+Oz/B+ZPxX5RSR022Ic2h+bZ0p0+3iTp3q2sV/Y6M9RIpmzFbY+6B3IgxgGHDbw28tvfw8E98XYji3VJBvC7d47H0SIbwkm3ARZcOLJqRlCAsmLdid4jzGyJG0zNhys3vheLu4cLuvOS63lnZzIw6sD+T/M+W/J883jI6lJsXn/JinsOm21XWXueUoYeWH9j3CJrrLIoKhyboK8PonJrlmfkE4q+VAGDyeZiG24waEurIiwLPIH3LkPRYZyNmLYlkQg4k+rTxIS93eL0atZ1xnBMBOerCw4bkrwcPqU23nVdrIsvMokKsyi2Z8X5PHuz4bHybeHz8WfhFE72I4u6TGjiLLdCNZYA/7FP3gu6yRP8AbX5GTUvJjwZCRq/bmHKANgmQGS6zwduhEsNIje9eLFncIdmSBIpeE/fAPUsxEu+AgMhxBbtdR2IJ4LH1Ceo7GyPDeN3lsvN0WzLRzis2AW1suwboZ/ROWf5McZ8XjsIWxgBCPk8wYf8APgmFg7v2NjJPRAav/ViHeF388PjiXjB2z7t2Pa6fM4/M2XX4LCUzJGmZbnNwxx6bZqkeHAYepB4Bllhh4keGbI9QsiBsXEOHjtZYW8DktNvNNbqMYWpEq8t4nP8AhQ/yyz4PLwwfRg+GLifRAbfamXvNxt1oELb0nSFEK4+7Iy2Wb1Y7/G3tJk6JDZEXeF4TGBZMtHIc4cZPDwJbBqtnoL5nZCQZ1sGMhcbsWD4NWN3lwUjq3nIdR7wBHgThZzvKXPkYT3e8+pNeDRTHYCGHw3jf7l1yvweuV+HhOAEOz6mSM8f8gzlA7y1A+GCKND0si7D+BZSHPUSbFenl1Jsi2YmIt+CujPr4CTCeEtW7TIIyYKSJZVqjtuWRWPAiS64xP74bJ3M++BT14GxCSMlM4m0lmBBOWY3Gzw/PeZs941Pd1Zt2i8LEBFpw/LbOSyyTr5aT/B+TRPfknUadqR4J1kFGn0OpTLddvUaJ7esB2mvaJ+t8cH1gvP8A/BDEWnO/FeC2eW8WfDycBidwkBkcIy8wIFjwDY2oTAGeP6DHAx7AzzMzdfd+tmTF7izptzwB9yJHy8uviyLLe7Ve5nZ1lQpdCx936FpDe4RDp/EeOv8AhvHjGIdkDei0PEeLv6mLrZxs8ZdFkLOyXWOp+W8ImKRxvx1CTjYmzqNNyHyTHZBYGXYNmYMserKPNm2HzhZ5hy/SAcf14Oif3I+7szb9IX3xz9wQb0wffAAYWr5j9x+r9Jbz3kyPfMqtB1dtl1xMbF37Xf3DjuJzuNcbb8t4fHwf7Jx4wKcTJLo8LS3u7eGWmdfUGH22ttnqdy9xw/ACdnq08HXG8HG8CZwzzvLpMt9ZM3qN3Zhhw4APuyJ9bR7u2Ae2B9xZ5Ifu69WC+4sciPcfbs58t/u30zE0EL0wtmeYfbbZm8ncHgm7J5sSye2yHLXobeRyKdSisktttrO/Muht0uMec+ecPD83nLPjNKJpkSad9TwHmcFl8LS9ym75Z4TCQe7ctp2zyclttvOyhewgnmKk6rNOTjdMsUC+6z9zq2ihKo+rfctTzH1Yk7eOJ0xd+0ryn9tr7jfLGfcvmAk3n7x+4/dr7msvmXJ5J5pFsXxbgyANywRFH/rPwFsMm6kJ/Xuz4d/1iTd/LbXm5FYbAf8AqAFbseboxNLyhl74zjJmLbLy/wAQFsTzd3uIjr1YB2f1nrp5LAN7bSLjoZDWWQB5je7u+WXuY+NRq693lxmdbP42Ge5y/SEebeeZZ3FL5j9wnrZb7hh3x6C2WLvu3UtMY6sg5AEeiFAEM+AbRdhaQf6HxeO+PXxZm8JatSO4vDF0W/8AZ+bAXcZawM05ePJrPu9WzyWTy/Le+FwYy9yi2ZPPFP8Autx/kCTATjsgE8TnV44dtZzGJl7SYlG3sO3khdZVq1a2ou5ZdvgZsNHJmwO+Qgv2u2BfFunXVgeLqXTCrEVy9ZJwRJ1ZAne4W3+O2/F/kzxYGK5wW2EwnSsFYQ8OCYnZGWOdbHJwWy/DfkgtjuJHGTN3kWI/zgI8SjxP4mXyhX33XdrS04c5ezjZZ47+BwRwr1N9Re4QlnHG2cgr1IEvUyAyxnxdtjVMtSWD0W2ZkEbIkXmc8wvuCwGA8rE/LZ/k8jUfZL3kMLKw+oLfC6vLInAG2mBKZpGGMnzEZ5E58Sf4KQIl9Tb73wU7n8SyrcYX/ULOrtjR6jDpZiyet2XabaE8D2wRb4lvksDcnPU2fpleM4Lu8W/qWZfF4uoBDIeDdZPM63jUhmedTj1DNhaszErq3PV5MG846LFsv1mOEpEC3km3+zx4WobOPHhnd5WsMunGy7Lqbw52XjeSfHx2Q9wuJu5/ud42TuviPz5QsWFeIcCMs8jRiTGbTPxCG0Ew17gs9aQFg+rTpmGH6rGeOOc8T9U/iR9QfXGAOSXBqVeJNHITFODIcMR7lbdU6TNWicNFvUpLbbHzNLnbZ+79J0qEt/oW/J743kZfi/xeOpDywPcJ7keiFdsvPM/cuy2HYoUTCSD0yAXdw9LI2WhdTk3aS+9h5dl1kU4JAQwSwkEkEENmShkn7h4zZ6ZKt2DEXqLAg+B4vXJ0WYIxS36ThjwU8nAmRFOUxfcqw2/wfhvD8WMicLxvPpuvhvDttsl7vFMJ7knfdt28QwLK8GCIGraAWSbBAB1B+rrPbxZzJ1ay78bWzPUOdE/1BmJ5nnCl5WY5AUmxkMP3O5M74dkwtgqZvD1YOHILCMDi2xXpDB2DxiCRC5dzzlkf5DwFjbkplo4/0gwbS3+LN4Qr8h6vfBPc5C9cnsnc8/E8y9STcITZvEt8y7be7dYIZLPmI9R6Pss6Iwzq6bGzq7N+F1lnc15ru7aiJfWS+ncsfFjeVs544sd+P+4qPG8Hn3IwXsgBCQyUwEPCCIROocRs0pwu5LtTgcJJZZZZFkfEgvuEWHvjNgNvzZvCDIwXF5Pw3q0vYmxB6i8OBoLxJ4li9pPGx1h4iQuhleHmNQnHo4Oz3a/7R/r5bB81pk7jeMLLLLScwN+FoeIHZTqfWlPUpJageGYixhL4kt8sy7kzdwZACx8cIiFyEbHcOJe7drd0woO4LJ9pgsySCCIOCY8T1bnIUKSSBDQG0+GXhDl4ksTxvCyW222yRhYml7lMk9Ld7Odi6OQ6njZzCWYNbpl9pZbbwSwuqTePrKB2zkQ+rz4mmxPk5C/1JIHiXZ2V9WvqFxH9TceJ4vyhzxD9cBkaeEYuWcpjfIggta7MeLCDjCRwS+71wILeTFstpHmLQiE3wQ98IsD7+LeBlnkbSRCWR1I+5W9y/c7WYzaw2z2w8vc+Z12cn9h/x2viATl+riOcNQg4ZZs9OBj+JNueI08Recvxk+pR6jHq0mCvsIXXU0x9QHri8PXwEwg8jJIcE5ThYGJlSd2MTq04ZJss4PHx743rg7vC26yHOPfG9hzucieHc4Pjssh7sXngYy23GWTgrNoSxbxlspfmPPcwXZmEB4+RYSEj6vz4u6IF1bEEnA43mXLPECT9TmY/QhtY0fqBuZCeoOcD6EU4pm/PiGwJkkmEQ48hxUzIOr1ePgtnwwtlJf2OHjYhnpEHYZsvcMPAh7kvlxjbzsaQ4NtCFiTsvDbau0LJm6iORF/bOltWAYEXxkZ/5B3dp47xjg82XhBJwFPIvBcHieLpNQ2bH1M7XjH5v880MVgWWcCy7RxHJAONYPiSz8vy+uUnS3jOfHPq9XefEerbTzdvE1ItG2F6u7U5PXCxJnQysvdqwOBJtkcAJrCS8ZBmBnBHHccdne4DGYna7fCjMhGMFlnweG38GYix8SBxK/i3EBFMxMs4ZJJwOQOKzls37L3ztmc5x75yzktieuG8E2trHUX/AHE2cJHGLZJMVb+zjeDLqUhkza8bbMZmw+JBNseIsNGYCe48uxORITiwtJLcIchwBwRs4s/zP44q4gjgOBmIwiYuJxZJJY8DmrDe37JYPGGQTBYzdxdwd8Z1lnJ8GTyWEEzxhwC3VlONhoke5Z3wbGTF0tZRnCTs7nD5vXdhnJwzvgWWd3iGHucnZusbYMbYgm6WVuGR4EETERiQWRMnvxRyC58WWcZPAklklm2W+AmWQxgGd8f+rR+ByzwbdMbxkEssggJJOPCzSyCOCcJGxebeJd9zR5ZwOPI0mEui0kXv4dyGTNkXcncR3x4YnOQ4nLGFRsSLuEcUZ4TgIgg4PSeBLLLLLLLLILLJJLFkFlkllnAhcDgDYO8RHtApll+J3jOmCyDgsk4Tgks5Z1wFk/DuI4XB4OPdqZ5zG34Aurylttngzhk2QWsxHHuHqUjuyMICyZh1ETWJC9Jj+eB4CZwIgsmYiZHAllnDLLLLLJOGcpIbyEzgwwlBjUVk92nBBZxts2nOwc7tnAQFk8M4yz4ZZyNrdXBo8N9jft2OdlgXouijx64ZeMW8bGScgj4JdkNsLE1ebUFsbuAEQEk14sg4LLOrLOMssssjgzLLLLPmnHOGcG+bUATyDPssu1iJJfFrb5t4Ievh7njJy3jXhi9Xu03gOTtbr1ZrbxsIdLbeHzE9M8LLsxepnw2bYQxg8wzglll5E8o5e48x543eCn3MmPDyQD6tzlmPAFkcGnxCzjM5zjLLLOWyxOc4XC1CwmCLgRn3zLrvAYtttlx4J4Dgsj+GN3sXdnBw8Fnw8PMbxtqI5dxuzGzep42GwuuXvgg2zjOoXhMW8xwML6hdJyiwNkkbsMWWWWcBYkFllkTOMkbZxhZ8Ms+GcDhBA7tgdgRsLa+7zwc6W28izgFsjD4e+Q4yd4Mgtdx8OrvjLJOpdcPBxsNbeTh+DIlmfUwLyLwyWNnfCWXq/ecbKGS2kQMDGsaY+ZjFhPBkEEGEHBOrCbHhPhlnzCyyeoJXg4Dj3eQTN5RCPczeDg/2DjJI2Odt4zeOp+ALmWPw7us4748zyy98ZzvJgv3Jnje5jzeuDLsW2wy8HDqy9Xu2IwUM9yE9I1CjsP7hTh4yzuywsg5znLOM4w5ybOUEUqCDe7sd7IDZ/rdlvA2MJGcBHB+xEZZZY8eeG3jed4J4MbwEE8CyZ3jGwTvGQSTjI+ssnOGbPgL85kts9W2F0Q2Wcpycz5jkABpr6iTuSHd7y8RAcARdWWWcZw84fH3MoeWF7bo+kM9l2oq1497L9mT2l98iBLhK2HXOWRdo8WnHv4J8f3jBmwnzPfJPGQ6T4+D6OPEQ3kleTjDhnvqzj1HwbDL8dthPqbON2RY22wwpmYyZ3LykTybuHC3c54wdi6jjrlt+G2yCSyHakO6LfDv92B0X/wBlOnJ57bMvci3kLLMl5g/LLIOM74HiYeCzhOrJ+GRxhJjPuzg5eG9T4sMmzlpbd7yGXrjY5bSZiHD6hPXVttvcd93WSTwGW2eNurNtFuQtt0jveMnl27l6Os4A2y/LLe3L3kqDaWli0g+lv6z90R3NPW9EQ3r6gBwz3hLWyJatl+7XDeMYg5dN5h1wyy7OTk4Pj7svqZ5PBPDEPPuImee5DZkbw7d+7tDgEs64aN54WCRyxPJw9TyJs5PDbBeU+GR4Tq73gmpNE8UoeFiY56vd3JoYYA8f/Y6mMUYj3KmebLYyNPf/ALvaf9b3iEXWfeS39xW6rzDsm7at+Pmw4W0mWyIOHnORfqyCzjZ+OYSScFVlnghjzy2zOnF4P1wy+OCMYNkbfqXYYCSyJ46ZOWYtkBBPmSyVhjxdcllHfGEiYmTEpay3lpk+7oduHQutu/p44gbdCyLW/e/aW4v6lndleHkIL3BxtvUrkzzwB1EzY7wckRHJPDFll74y3TnLuPMNvyHeB1G4zLy8DMsZNlnV+RA2pHxMZaYyFhBwaz54Thb6+AQ5xDHDOJDhs+A762rUt+Nt8m2vG2y9zPHa8kTLO4tl2ZZdJYx5Z4O+cY8xE6Fmll3OcnZZJ9WcZzt18N4L1er/AG7kH7e48cPHu9cHieAu1kwdTCBsksg4Imy1Ec51MkQ8PGTlnXGbMVa+G8DxttlrbwcYmBB8FteCzdrtgBCOc4LdiCyDqDjvh4Yg4fEzMZwba8dWZyNszeNpsd3SfEHdg+OD0MRmSSbdQ5x5jlnfLM8CDrgeeDPibvgPXJu2dvfiG3gJFhZJMceoLOMsg4J42fEvDwTww1hkZz4nnOMsjhjrnqeNhnvh5Zwd8/dseL3Nt4leW7a8YlsxbithsQcCvpD4Mz223m23h4byyPNvLJM3hb1ttsdtnItOMJ5HBHieDgZS2eW8IwbEWe/hYQRw8kRwZt65brgu7/r4PDYcPUnjeSOXgENbLw2VrgWN3jbys8WJOdknhZ8c6bEMZMmx4eCSd3k+JttteKw2w9wLZe+GlpbD1wYcDNeNZZ5IbB1PALLshBxnUbPGcEbeYd5BZhdTwWWM+Zh4JN5ZRxttpkEWTd2Yg7LZTg42G8+JulvqeLy8v++c+G2pttu9+BOB34bPu1lawzaytsrC7zs8Hw14fgEbqUEYk5BLOd438598DllOB4ePNmcuzPKPceOFtjvhcmeJFsoeXXyKRvdrsTPDrjeTNmOHM4b/AKm3nIwsckyzESNjsncicGwWEnHMss3glnIS8Ejh5HbARM8HHU8+uPcWLfgzHDa/XDypJ3gEdMcPROGK29TIyOSXDs46tiHj/brGOPcTqSCyzOHLq6iMnpJYQ+DOG9xPGEkzIIs5ThkWceYF4ZylhbMvItvAsyMQWcHDxhCRZl+uTz3bzt31DLLx3HDPAm98LKXAo+D4beCWXSHjO+MeWHhs8Ey23Upblv5DEQs74Q+JvyJjJ4PvgLOMsJ4Z3JZkkRw2d2SWcvPDvLLIIjuDJ53498h3Zyz1DdLWLeDknjqwJjgjwcOPODazmX43lnIfVt2sOudC2JthgYWWbuZeNjxD33bJrxts7y8HzDbsWScdRmxylnHnh4IDhOM4fMnZ8wQZt7OOuDYXU8trxsQ8ZGfBOrOHl47+piCe7wmwnqywshCTIxeKKVbpAR2Xm1s5srbe5928bx7s+BT5ZGbp+BEfHZmMmfVvCsXrg2HG4Wv1bzkBZJJeI4eGWZe7LOuDEWcHUbx5u+MbLLL/AK4Jjj1xt1vDZffBwvyLMRjZdISl4llvAci2fAcM7xM3bBwo8EXTwk6cNmxOo+GWc+Jk7k4JdWy/Bt8cAWcYXfORDJxvXBjnWGPHARvHvku2LvPi5x64ZgcMlnD8M51kvBLh+Zj1K7xeCGPVrFt2bY2VmPxHuJOrL3yzO8IsEW28sWTnV7ks4JIlnDZ1thshMnJEjx6syzguw/A6wmyV3gfBl38DeU+BHwTqzXhvOScdzELnDwTZtzhtmWHUcXbZJELxiORwcvKc2XgQ228k7xlkFnwOvgwnzwebd5ONkceoJS8At0s5R588L3Pm3eHq8rI5ByBYceOCY3YmEza8NiHg4Y3dt5+BbeA7svUzGZi9WrZh0z5m22LxjyuoOyLqbK7LSZ1bedltgszh2bDgOPfB1b1NrDD1bPm72O2ZJM40uuDbJYzInzPVvD8UssmTvBdTZBI2bHxBLMwdcB57lM2sPfHuCL64ZvVvBwzhe7q6Sk58AONh6u8MZh1ecbt4XgnyWL1Ihi3UJeuG8nD/ALaZe4ustmw+Dx1nGk+LMhzs8FtnbcmLI4eNcLeRLxs89Tw7g4zgGsGcBZt/Z798ZOnOzQvdlkGwWQXuThPhszF0PA9WkPC6kskyLCfDcl3D2cHYStmYSHJnEujhHlJLxeI3N4bw7wvL8ci3nWzg2Zg+G9cdbe7rj1xts98DG2yzBZ1NpAXjgggzhODjO7bbZeAs2II6cZd2NnDa8u8b+cPBsstnCXu9Rm8eJPxbpvPhSv23h4LuHDPG2ElnGSQ8b3w8LPHuY8RsQWWYXmQs5zqyzlvfL+28eZbctjh8TvAM8ENsawRF3wR7iyZ4Cbw8Q2B+reQfF7gBrD1CfvD6syTOPZPUvHctvIuzbbw2cJG8Xjt529ZeUQwZWy6cD3ycsYiZx5s6k+LvGdcpxjd3uOTm8dcOE878FiPU/DbrZ85wceps34Z9cdwsXUDJbHThLQ26OxIXcCpnuxqNoHwMjjYiEM+RPUHN2fWXS1ChfdjYwC086tWi3IY3+scvweM+GZZE3rjODo5Orb1b5d7bl1kk0I47sCHANiWSJCEXYYSXkSwkbIcE8KQ8x2TgN9wZe+dOBz3znV2TdxbnxTgsONseF7YjUjpGEGYdWRi7m8DP+pidOXVRlWNjkhMIGMLRICEfoY7Yd/S0/wCdSs+yBg6A6h1Wx0S2edG7s8TfZ9X2BhbsWh8eY1S8JPIdSTZBMSd2W8ZZCPLEujPu9ThOVW2IjnUtgbY+NWiYrt2EMj23mbLD3ZQ92PyjJF663CXfA4vb1g7vWcuOD1aJBMgazEerODGWtpq2HldyQUE5k3E28cKTfZ/lo79ObkjsHWWdWaQxyzhFgd4bOMuvhmTZHDb5LZtX/hbWgfpNhB3OcDVivCNsrfS7Q49mzw8bBptgx0BFEz/k/ULFYMkZZHY0fvID+IAcR0s9kPL6sZfBDD/hK/Iy891edcn+mXbvkgouz3mG3WVVb2/JnV6nj7jeE43j1Zx0jBJa8PXI8OKy5bAuhdj55weER3ppaoDz4sd6oSz76hGAVu9eDaRPV4x6USB6N6j3B2bL9pFHZAfRu8EsjDWHx2ZmA6WSsWsWfUbE3qLs+pedyN6nPkj4ngbG0RAPdeIB9GSXuRrvI4Gt68aeNa7/AAZIIMsiC1OY6jv1T9nLU6Tkd0SDV5/ko7Hgyutxby0wX+FmpsJ863i6BzxheJpFAL2tIE8hriWF7gz+5sjrPbD/AA3YPzqW/wCtnV419C6mXUGlfJB1+8vBEQpwh2/SXZfy/wB0bK9u/TP4wyyWfJnxEcJ1ZNkcDL1Yk6t5byJHCWJPq8OTYKX3dmQ+osw6nA20tiAINiPOOzei5MY3d6QK/QEMP8n+mu0/yJ71G8dlzVVfGBtqth30+499eHNiHHJs9TY2wEC79O//AFYfPDFz6Yjb6XYWDvWHHfvLRjQN/wC5cR4gW7VHJgT3kJ6DK0O8ghCJ5TnBKdC80fI4kpQY/wD4lO//AITB3/zloEauvd7MHctY+7LGJjEQmf4MnqESJaSjzqzLZfsCH2yXh3aKN5AmPu1T324DD/XgdioyNXIbtv3aeBl3Pyf/ALWw3/QvMTyXtf8A1Xf/AAkaYovcrV+rhJF3w3i/lgOy6YJwnWNgv+wcP+SnxxgtNIvXHXL44eju80tiG6nhJepbPLZkEvXTMn++Zxuni6k4SPbCn9ur/lue/bOr+rYX8Sr/AGw3k/8AEX+7TDsjjJ2RYHF5TcxvxEu6+4B86xNi+myxam0tWTX7ifoy6TglmpgxUR/0Fn+0jeOxvW3+KWS4ds2FvTvf+2K/yRuvQWacy/JC5PcBl9sAKdfDPt2n3WO9iQVPLmSYD4bHdjYlxHtLrs3bVY7/AL2DTwJTdjoz0ueiQ/8AdEG77jjfmQrGdqbNmb0/czTfJvLnfVk9LUm/7d/pyKr+tofsWWEe1vM96buyMde4FfxHKrcT/wAhRPDDnmvuR5GyHRKg9BeHa2ZY423uL1Yy2Mzhlm7n2Y8w8T44Et4F3br0x7Jy7P8ALID6yf8AEsy7YWPuKhvsZFEvb4YJRTjt7Nt+N2TMPmXU9C8AbKPYtm/UGwCs4fk2Dt6gZ99WwfbLZH/Ak4Pi7gh4nEZDH7aN7Y9D8gPuP6O26QOzqN09tluYn/unidDf+BLdvuPtn1JvGShOPaW3OyQofD4vA/V1F9XmTzujMCvq2g9eC8r+tsJetmTUteQQP+0MP8J8Q6/85Z/2Q2yYipVwRLl3qgi7q92Zg3y1VvpWLnvb73qGezuQdPh26jN1T7jJrEY4ye2XpjzUIxkdullm8vKzs+ZeN/JbtbwacSt8xQWyyCl3wNYYSnseJ4eVnS2Zb0syuiPezfK/c+4yZdCOF+E52XjyE9nbm7NdUB2w26Q0A2PaeOEFOloF0d2KX/r5EM+yF0XezIerNugS3syIANigUd+yyHustH1f/U2wsjs12Yy97YJYCa9WF+8SzjDF94EHPaQfwTMD1t3cFquEE/2OD/JIu5K+lm08LWfGvuU2gdvWloUoGIsPtdP8i6rPGLKLnmdbGpvlmUfcjseC3M8yveiWtf2QB9EWf9sBeSIa/wBgAyX7dcHVv3Pf8byUuvmzO4Vv2e6bacvqLBPIllEGbotstostqWbe53eNtlw26xvh1Xm8dtkc88T4u95WY6DM+jbDV9WRNv2dAyddJZ9EeO3cMD/kkEedsD9EfXZh9JC1bDdRjuP4dxEZLD0O7FobovnIg9b0b/0osRkzDD9tjXdp57IQLqUlksXv3Ysy/tPG4NhYoS00+0Pl8RQdwllw4PXQMGDaXT60u25aIz+RQDDNPq8m7iZxMwSAJ4GJHmHRYxtAkfYFLX9kwPoj0P2saWz/AAjh/wAW0/Xt1pV78LHJBpgz/qEL9JKnA6SGTdfV2bl3FT/aeb81sCe57b6/7bRswtgUZtP1Jh1ILiagVSE3SR4ZFd3Gbsk5d2ST5t4Ey29xBZLPODWGFhb4iF9V0p3PH61LSGvgnuIDHoLOnSDs92hfaWaPgtVHrZ919l0B46bpLA4E1zzb335C4OzLNiftk17WehO6MWqPGeCEf7ZFZdvuZiJ3nmzw9uWG5f8Aosk5ZtdSPDQiJkG0KdRW+rzlrELqMjh42DVmyMySmml+94wfXjLL/Im8D9z4JKxJIC+ycGEn/RDWP+4hsgIMDnue/wDeQgWY+0HH+XcN95Z697DHNbGQFuMYYyVvPSOp93myQ83ReMMTV6bqb/1bPPkyYfY5d+fAZGjfE1IjnAIlhTvLY8nFHm+7fD1ZFswEXZw3ubZ+Q6ttZTy4DAneY9S2dxs7zewg9ErZEsHlieBhkxKZZevEKFfc4YdPjJDxyWIGw56bA7y9M2AxnYmwBngzvLAEyEzPMYg6Pd5k2JO+JR7f22YfVpi+bMIFA37ETY9hNP8ArG2PeRNvOQG9ohAslhMG6d6XUPqzt/7L1x9LY7ayZ743qMncg4CN1d7eBfosL2Iiaa6i6OPr9RBeysWFtzY8b4tVPbIAu5geCfk+oc86UWJ5/wCW2XeGsuPlWxkGW7PHuS70gHhYw6ycvfvphGZzxC3awH6W+Jk76vC2Libp/wDxIDvJNk1ivImuueoyPXclHS8reBnzKZznM89zntjnMJR44MxED70sgD2Sf5N3kv8AwXQD6bXE+92wweGwnH3GCGUCTfEB1nQ/l5icHBak/wBScErZ0ZKF+gwoXyGMxqTuXosfbIdANiHTzYfPiRuy6qwzSe/1d094AQIMtul3/oiIPqcjatusdWbwGMj2WxjNbafZDzFdWu4FlHY3lFbdrs7D3Zzn1Gs+ozuHO92cljAQY5zr9s7vdHq9wsqgajue5hF5zkta6swEgD6the7Eb3nJM1APlg022JOazEG0kxZCDLVqJMQXSw0fM8ZlgsMCNh3/AMhCswt1ueMsnwyZIct88oTN3aI88NpBwtuE+slwy7CI03hItHqy08LYvepg0ZHM8MUWaF2TIY+4rHdJPTbQD9YTww0xtnXUimd7WNO3e/qbQjPVi87aN3n2FXcCd+2zvGOWg020paOEtFdt3Dh11ZxPm92G06nfVLLfsiD31EH9bqOWoSob3GgdLFN1gQOp2EDoZ6B3lg2xJAunV1DNWp83Wy1ictRY0QTMAsY7vAdXajkGT2Sk/wDGWd9G9zjdPmPom80n3Bu7za4cHc4T4tWRkwWAC7QPN3CE2d0sb7UD0YhKvFQIt3LDWWNNLUTvg4ZttJQkknmPdseYSynMYZDbL2ofALacPEkm5syJ8WANlHdkZjul1uydjMWEZjjxbm1tUnXIyhvVgR7mMgu+W11J7uppAwt3zKg9QBYJ0YIXTrJ6lkry3A+8Q26sJOumw5hhIOonF4mfNmIkN3dkj1D0ovjpe4QTXC2fXZ9UtOqwgRG6wJO/2aBIpS1XURIOOyfaw61uuDrHuzJgO5EcbyXR6iApDPC6rDZVYKStmIn2XcyVWN2fqdNkUbuxsgEIbJfLM0u6zG5Jm7YW72CMR4nueFzhmeGN74Fsr1eXFbe4Afpjk1liz5s1ntvGm7dMywj1jYsbfExd2vZ1HOrOgnOa3aH3KncN1TzbjppDyuPAB3tsNJYpI59QGC+7xZPb9kjdzLZ9OLzeugMDgwkMC1DxdYwCWGBHni2eLpImQ6JeDvVh+4fUYeJENM8X0RYJnehbs9kcc3Y1bfnAmmTBoiwCVYm3ib1DOjvE32/3KebRxOLu36OMPdZlZ+k6jHxZrIOEc8LwmObcGQcsWgiNRyOoX3SmsttsNspKSyuy98euHq8LyvKDq6TC6ktOMTzLiuWYHfUOg2bBnRDnYlzoIQbH7s/ltVOomJTCmA235EvpKksJR3HOIQnQnAp26xdkVGJY+yMhvVgdGPdDdoR7Fl3peV4gTEm761HwyYEepFUmEOoILoNkHvge+bIECc1bLaCABNlCZHyu0GS6RJ3KPC1Sb9wVYNXZharB0tneR6AsCfORxZEcQPVIR0viAlhWHc8R5PUNDVvpAsOlm7d1bLHpkV4vvjYeoG1kysuSnGnL3w8uO9T54fZHdTLu3DWYEZ7cYMLsZsswghCeiW0Ni6PF4l5t+jx4lDqT3FrReo5I9QLbsY+oNGJwOMtO5r3MG26GKd45IbaFtU3OofnpBzGe8sHT3YgjBlhW2gf9tMJZGbbshttlkjYB6L2SB0IDaweYc+6TpLpxBKndl4W9qbIEJl1Xh3fi0drT3N1E7IXwur1xgoDssYe71+3QgGZ02cGOvJG1mFolv2m9rx2LonSsPZlLtjGfzb9y8lssrMn4Oztkery47x1Lsm8kzZDLD3KpLQwmXY+7yayHNL3bYNxvJIpci7atGPrGvsiAn0L0myga5amQGz4ww4LCsg8WcnqE/aJWqFp2k7Y9XiE2UUYxnF6vPcAdgBHQeG7y2z4jBuhUGRQdJU8y40nCKXJg6yc1k+A3Vu9Roj3ImWQYuP03SWArAdbRwYa+Yl262qz4CFt0m2OpWQNdk8Ifd9mwstdQ8yC8snAP3sxZVxryY8craS85wcJw3Unz8ObeReEz8w5xMDGRY8QZl/iJHFPH3IYZPbxAceZKxkG5DGsntt7C617NiGZYKV4XVGcwi6+56ox9L4gGdxjqINiAHdn2sheuWp8MhpGDPNu99xbb3CxGRPjjIXbXm8XBe+FwhG+Z5jlm17jsF/bC3xJrHpv1J1B0SjX3aNhVEDNt3qDF2x8jgPn0g8ofaHepsyW+4ZLRDQ+lvht9Cnc02gFb6zIeJpO9fUNmwPoW50b/AJOs6SwDs/QWNBZJGd+EE3TgERVHF42Ze5ZcJsg6gksLF4t5XjwBZPUlye4LDIHIDy3UHkTiEBEmQOsZ6IQllcSB+puvE4PrdebaecjTFJ0z2Yd+m9G237SHw/xtIBL5CDnURPI27rLsd9P+wY8P7sGnRldsm9JK88lr8kpPZy7e+UzPswE0MKMQYEm3FbygLBuJrpsHUbB3WA8QG7AjHi2DxmmYoW2TvfuVz4687JXG/wBF3kOmSS5WebcM+7t4AO2FnHLYIJbJBBaD0hKf1F5NW0QrvYgwJT5LwwgO/cAC6mXuCPF6GUmthsRXccM8NkAwWSXieA3jHPWHotl1O7rPLFmHVIMZzuU8pM8tu8x9DYSD/skz3CmAyfacATuH8QYg0lzBIyygv5CZkgyTPBBmnPD1Hd9p6qdwWhmM1l7ky71gQdbZgre7t3Rt4TBNg02Y6X/7dnTGup4ili9oBgz8bbv/ANIdZVLJ4O9ljtKOqC/rs3Sj0E2kXKDEq8ll4GM+QJe9bwpPj1JAlkhE2F9O5Ga3LQCDp1HsYCWSPRGJS79TAhn0u4aTn0wnpIHic3LDwTF2UwEU72JpM1G2PqNr3eSW2P3YYX7MHDKz8CyZbolzPgPHDwm7Hm7E7gX0HvzLWuMO9umkYhs/XOrqYbBZHeQEJF3nITC2KkTCMTJxmWLb6JYF3JSBHlncTDGnjtm1eW3rndpKQEK18kvk5PP1l3zL/wBR0eO+AgdM37qUtVub05K4dIbtCx+xIHGSbeuFZHkl+MkIImedvtJC8KcLSxPFYmzCGf5CmLeLAR9QCM4Qmof8bYXq70YHuxm0PxCK8Nu3C7yAgv3doShuxvq7N3SMDnUl4AnKN8SPZIijH5zIwteF1muS3IYMMkbyN7Wvm6BupgefcGG9zOdtyXeNtvUNpLheRQ8//9k=', 'employee'),
	(2, 'kiran sher', 'kiransher@gmail.com', '787878787', 'IT', 25000, 'Absent', NULL, NULL, NULL, NULL, 'employee'),
	(17, 'varun kumar', 'varunkumar@gmail.com', '9854576614', 'IT', 22000, 'Present', NULL, NULL, NULL, NULL, 'employee'),
	(18, 'anil kumar', 'anil@gmail.com', '745476654', 'Developer', 35000, NULL, NULL, NULL, NULL, NULL, 'employee'),
	(23, 'Harsha  Vardhan', 'harsha.admin@gmail.com', '7845964512', 'admin', 45000, 'Absent', NULL, NULL, NULL, NULL, 'admin');

-- Dumping structure for table employee_db.leaves
DROP TABLE IF EXISTS `leaves`;
CREATE TABLE IF NOT EXISTS `leaves` (
  `id` int NOT NULL AUTO_INCREMENT,
  `employeeId` int NOT NULL,
  `name` varchar(100) NOT NULL,
  `reason` text NOT NULL,
  `fromDate` date NOT NULL,
  `toDate` date NOT NULL,
  `status` enum('Pending','Approved','Rejected') DEFAULT 'Pending',
  `created_at` timestamp NULL DEFAULT CURRENT_TIMESTAMP,
  `updated_at` timestamp NULL DEFAULT CURRENT_TIMESTAMP ON UPDATE CURRENT_TIMESTAMP,
  PRIMARY KEY (`id`),
  KEY `employeeId` (`employeeId`),
  CONSTRAINT `leaves_ibfk_1` FOREIGN KEY (`employeeId`) REFERENCES `employees` (`id`) ON DELETE CASCADE
) ENGINE=InnoDB AUTO_INCREMENT=12 DEFAULT CHARSET=utf8mb4 COLLATE=utf8mb4_0900_ai_ci;

-- Dumping data for table employee_db.leaves: ~11 rows (approximately)
INSERT INTO `leaves` (`id`, `employeeId`, `name`, `reason`, `fromDate`, `toDate`, `status`, `created_at`, `updated_at`) VALUES
	(1, 1, 'kiran new', 'fever', '2025-04-08', '2025-04-12', 'Approved', '2025-04-07 14:39:00', '2025-04-07 14:39:21'),
	(2, 1, 'kiran kumar', 'trip', '2025-04-10', '2025-04-11', 'Rejected', '2025-04-08 13:24:06', '2025-04-08 13:24:28'),
	(3, 1, 'kiran kumars', 'sick', '2025-04-13', '2025-04-18', 'Approved', '2025-04-13 10:22:56', '2025-04-13 10:23:14'),
	(4, 17, 'varun kumar', 'Sick leave', '2025-04-21', '2025-04-22', 'Approved', '2025-04-20 13:58:44', '2025-04-20 13:59:01'),
	(5, 23, 'harsha  vardhan', 'work', '2025-04-21', '2025-04-22', 'Rejected', '2025-04-20 14:34:58', '2025-04-24 01:26:41'),
	(6, 17, 'varun kumar', 'sasdsd', '2025-04-21', '2025-04-22', 'Rejected', '2025-04-20 14:36:42', '2025-04-24 01:26:58'),
	(7, 1, 'kiran kumar', 'marrige', '2025-04-25', '2025-04-26', 'Rejected', '2025-04-24 01:53:39', '2025-04-24 02:28:14'),
	(8, 1, 'kiran kumar', 'sck', '2025-04-26', '2025-04-29', 'Rejected', '2025-04-24 02:28:03', '2025-04-24 02:28:14'),
	(9, 17, 'varun kumar', 'personal leave', '2025-04-30', '2025-05-02', 'Approved', '2025-04-24 02:42:07', '2025-04-24 03:32:26'),
	(10, 23, 'harsha  vardhan', 'sick', '2025-05-01', '2025-05-03', 'Approved', '2025-04-24 03:20:47', '2025-04-24 03:46:11'),
	(11, 17, 'varun kumar', 'asas', '2025-04-25', '2025-04-26', 'Approved', '2025-04-24 03:47:30', '2025-04-24 03:47:38');

/*!40103 SET TIME_ZONE=IFNULL(@OLD_TIME_ZONE, 'system') */;
/*!40101 SET SQL_MODE=IFNULL(@OLD_SQL_MODE, '') */;
/*!40014 SET FOREIGN_KEY_CHECKS=IFNULL(@OLD_FOREIGN_KEY_CHECKS, 1) */;
/*!40101 SET CHARACTER_SET_CLIENT=@OLD_CHARACTER_SET_CLIENT */;
/*!40111 SET SQL_NOTES=IFNULL(@OLD_SQL_NOTES, 1) */;
